sample_id,7961102,7958000,8151592,8095694,8156706,8063478,8128683,8131067,8138789,8180346,7958262,7930398,8092552,8173135,7989849,8018097,8038877,8058221,7917148,8007462,8141795,7974461,8062312,8089928,7953901,7951077,7958253,8161373,8161554,7935180,8180379,8021081,7944418,8180377,8043413,7968254,8071044,8019802,7970999,8071051,8078962,7979694,8007921,7976515,8141829,8020508,8177120,7953977,7961390,8005687,y
GSM2600155,4.824050256018405,8.175396232625767,6.4725192253374235,5.541719796993865,7.887070886981595,8.251894059674846,7.6845254551042945,6.984583066907976,7.791969897042945,9.859254601957057,8.236102273552147,6.699734074674846,5.499667379613497,9.89825403129448,6.790887989723926,8.007446930361963,8.504230923429448,7.256212698963189,6.724804262846625,6.159180806171779,7.98427624980368,6.125734311196319,6.837472421478527,10.155901359656442,5.956650749871166,7.883278135588958,5.983931484239264,6.28275211111043,6.283106262398774,6.1280548556073615,5.2933929482147235,6.874880547871165,6.39202440490184,5.152008888503067,5.130178546828221,7.468384687711656,6.041449917177914,8.165909899478528,6.480024264165644,6.190769336404908,7.077888385042945,7.660223504957056,5.78268641393865,7.618554114263803,7.425795421631903,8.430967926018406,5.8021587565214725,5.468125501276074,6.801990409404907,6.466771141521473,0
GSM2600156,4.5750655902638035,8.02017609903681,6.633512559257668,5.948282710674846,8.251894059674846,8.43900156690184,7.534759871165644,7.121183196386504,8.03362682309816,10.122430597920244,8.473196303527606,7.019184540564416,5.600124683319018,10.20292048519632,6.775873683392637,7.832126092214724,8.650818741325153,7.224673146760735,6.3516492725766875,6.574350642276073,8.337384156723926,6.3316900411227,7.167380031337423,10.341540822392638,5.984531006668711,7.698550545631902,6.226333508030675,5.407400173128835,5.408050300644171,7.005285846361963,5.769191074184048,7.242609344987731,6.533524594570552,5.584807033595093,5.278276772496933,7.324340439288343,6.193450479061349,8.13389292614724,6.254578854429448,6.371203792349693,7.057253467809815,7.672512938503068,5.978899331417178,7.801956338883436,7.629535308981595,8.655752907110429,6.015721702730062,5.486392719276073,6.80007108503681,6.437906070190184,0
GSM2600157,4.987119499312883,7.972398692766872,6.355375991779141,5.954371782092025,7.491425683687116,7.811426010067484,7.493003234294479,5.970012666429448,7.431594650153373,10.091175993766871,8.406027724760735,6.353491293644171,5.646506002147239,9.382018915012267,6.722531543779141,7.6363877718036814,8.86858398109816,7.27921535314724,6.350384486079754,6.074251533693252,8.110209473404907,6.0841410415030674,6.3396400157668715,10.146802057079752,6.934362288092025,7.832126092214724,6.549102815914111,6.524515668404908,6.524826960773006,5.891827496582822,4.929177281631902,6.317516643736196,6.4539062303435575,4.833324611012269,5.295232585871166,7.43689048398773,5.916438356656442,8.482789223214724,6.600537124214723,6.046821330104295,6.723348426325153,6.976187911883435,5.700340190613497,7.490247341576688,7.310679355478528,8.19579133213497,5.623219376601227,4.7345681645030675,6.042241987484663,6.54227406908589,0
GSM2600158,4.782705124159508,7.726697975190183,6.855838632184049,5.597613965214724,8.254923230411043,8.429922393631902,7.570081944257668,7.156843296748467,7.921872048723926,9.978767048650306,8.363724792582822,6.958401792846626,5.665565920233129,10.031630693766871,6.840894614423313,7.920378236521472,8.418036857417178,7.456927106595093,6.472189736809816,6.256958189245399,8.231107740417178,6.325004419361964,6.907948253650306,9.855554730570551,5.865141581760736,7.746129385736197,5.936974533067485,6.319891450398773,6.320208578595093,6.341590381134969,5.198568889760736,7.1039877074294475,6.483920702312883,5.106542738760736,5.159597906503068,7.500304195165644,5.912865561558282,8.499117130245398,6.344436791141105,6.052498757042945,7.33883409195092,7.686421775269938,5.784051294110429,7.600488962944786,7.464450642472393,8.595050223441717,5.547498905030675,5.287550550515338,6.735008411969324,6.828385735226995,0
GSM2600159,5.045884214576687,8.103223574570553,7.143110880282209,5.690038943736196,7.793303904877301,8.170679299760737,7.9355259078957054,6.840133436730062,7.835793970153374,10.30025422638037,8.270565976128834,6.745504171196319,5.080279510288344,9.954616155104295,7.103110044141104,7.878680179257669,7.808592507521472,7.452769875711657,7.043577413331287,6.712436168693252,8.452107928141105,6.573322942269939,6.239894390392639,10.227233447668713,6.308553690380369,7.652552244460122,6.195864531165644,6.132529809104295,6.132865864282208,6.036049746276073,5.270262420404908,7.303597185042944,6.125469063085889,5.246158113380368,5.206353120423313,7.872530916245399,6.295931465073619,9.374159663607362,6.172387452141105,6.4562086776380365,7.308286917478528,7.582655860656442,5.989059522840491,7.616782930607362,7.556544656404908,8.199757510858896,6.036655883631902,6.0417157658711655,6.477416198190185,6.77960295506135,0
GSM2600160,4.584603188822086,7.852127268312884,6.204073491423313,5.215074555631902,7.36793394995092,7.764292699558282,7.393156367619633,6.4787586254662575,7.538236474092026,10.12713957097546,8.161100378337425,6.5618733410858905,5.428387405447853,9.488971384263804,7.136949469263803,7.766954557705521,8.556366297239263,7.154147412079754,7.007777266932515,6.588062139361964,8.19579133213497,6.252611120312883,6.472831293024539,10.20292048519632,5.966418871171779,7.699195204368098,6.291843139595093,5.434425591687116,5.435032508018405,5.786462694306748,5.4296432258282215,6.533524594570552,6.102657611717792,5.2933929482147235,4.868016376809816,7.385795277754601,6.756609334208589,8.43900156690184,6.204397535693252,6.8718698318957046,6.956379028687117,7.336270183521472,5.6318125873006135,7.648319932190184,7.291014125202454,8.132785611325154,5.8939638360122695,5.953012107006135,6.441742945834355,6.963618293343558,0
GSM2600161,4.958845285668711,8.025910342693251,6.497450620901841,6.100086942558282,8.18663219473006,8.436677997177915,7.435874904239263,6.845749732846627,8.19307882714724,10.132074555325154,8.409240861938649,6.883221662975459,5.8320121852883435,10.236856786319018,7.019634161239264,8.07662654817178,8.215639405552146,7.572896092104295,6.822416473067484,6.609941449122699,8.30838253984049,6.264800256067485,7.508478305036809,9.914676622226994,5.977084796871166,7.9355259078957054,6.236547186116564,6.499995052552148,6.500374030319018,6.417740324797546,5.234756848490798,7.002478140484662,6.4539062303435575,5.11331840808589,5.323362579404908,7.375980899846626,6.32409146784049,8.80712716801227,6.3152186763312885,6.522425343846625,7.165604962067484,7.79854151901227,5.899545196429448,7.757763218239265,7.544427067791411,8.384993802742331,5.722441394417178,5.623639120515338,6.440366161993865,6.377111890717791,0
GSM2600162,4.950679416938651,8.030115618595092,6.671551019337423,5.836732882429447,8.80420415103681,9.003254759687117,7.731212439404908,7.761340455460123,8.367835174558282,10.487289611411043,8.359302334601226,7.096186664546012,6.669076129429448,10.639839122883435,7.169691327865031,8.376556022527607,8.03362682309816,7.8592455290061345,6.90230567303681,6.264482988429448,8.079035394809816,6.712044589447852,8.122149285202454,9.999052222797546,5.77201301398773,8.493220014055215,6.295339969644171,7.364572866650306,7.365033959226994,6.9943277098773,5.285429981521473,7.327252078748466,6.415535824484663,5.0396468059509205,5.493997474263804,7.586668624251534,6.43475637501227,8.661408389417177,6.407692103374234,6.609941449122699,7.212646924478528,7.932447669662577,6.194944963957055,8.213708224036811,7.366938314417178,8.968755704533743,6.39771937284049,5.396724239220859,7.062323127018405,6.23624384906135,0
GSM2600163,5.048278256889571,8.340571029165645,7.685800184380368,6.32674397085276,8.786092201687117,8.958803596521472,8.063556503257669,8.412646391723927,8.213708224036811,10.840780154969323,7.98427624980368,7.213105341570552,5.874820671361963,10.639839122883435,7.041367803981595,8.522675043423313,7.896223884331287,7.524720797110429,6.939832248570552,5.902634313269938,7.970866083018405,7.346224748699386,7.774042765699387,9.978767048650306,5.683418552276074,8.018466047478528,6.946210178006135,6.324376606018404,6.324678789748466,7.005285846361963,5.793254426760736,8.071450950466257,6.360872680079755,5.6694737345766875,5.185627504490797,7.990819850092024,5.9927971846748465,9.16517007407362,5.852674681331289,6.201741406331288,7.558767722245399,7.9754679471533745,6.989053585993866,8.449855299190185,7.333878311907975,8.556366297239263,5.9426366947423315,5.67455836508589,7.1184948454601225,6.818930800674846,0
GSM2600164,5.179900829944786,8.311644552325154,7.412640430717792,6.495533418294479,8.337384156723926,8.57360077281595,7.858400802128834,7.288174123754601,7.808592507521472,10.61969187570552,8.383952711294478,6.846820418435583,6.139207027006135,10.61508002803681,7.17385195209816,8.18570556096319,8.18276722466871,7.59411010596319,6.715264392006135,6.166879844177914,8.143150280184049,6.50907469086503,7.525317280030675,9.80323662071779,5.82960908111043,8.054764559558281,6.262675449141104,6.407434201257669,6.407692103374234,6.535180565361963,5.649812903625767,7.814274135950921,6.00708145915951,5.524116964932515,5.55474856597546,7.270669099748467,5.716285205490798,8.62272554106135,6.099825525515337,5.956916290030675,7.577795192625767,7.665497026944784,6.307080928030675,8.48036646069325,7.343746451723926,8.598810317171779,5.6801990777791405,5.508404506822085,6.357872583650307,6.231438034392638,0
GSM2600165,4.229295596128835,7.942382586527607,7.025496613067484,5.988454619030675,7.817843617582822,8.359302334601226,7.577795192625767,6.722184612766871,7.235739149447853,10.117940097380368,8.231107740417178,6.531818009662576,5.555623950656441,9.918677668619631,7.278184635165644,8.342653366184049,8.081562496325153,7.4558527998773005,6.890336163147239,6.292766526883436,8.180990571386502,6.656954136239264,6.807076053067484,10.051577002944786,5.993058652865031,7.890909601815952,6.60412136615951,6.494852780828221,6.495161288220858,5.931315238104294,5.5502132608466255,6.9515493657116565,6.269305104736196,5.425241311858896,5.412699940306748,7.407423234760736,5.735554863092025,8.751997029539877,6.266592459521473,5.960410956092025,7.262105691202453,7.546650158865031,5.723881799276073,8.27248323834356,7.512715361858895,8.446460978742332,5.63217384904908,5.072287576312883,6.782228907619632,6.436078502300613,0
GSM2600166,6.50454693314724,8.08804596185276,6.778850546748466,5.0416733330122705,8.928524740582821,8.836582059030675,7.384766083920245,6.894268346932515,8.385992045920245,10.755716628282208,8.545284534337423,7.257212100349693,6.252873431944785,10.487289611411043,6.965316545736196,8.32741494492638,8.84788987590184,7.759970741282208,6.758025872331289,5.831087231429447,8.34366358034356,6.7834032153496935,6.6751201664171775,10.360855891165643,8.208382341711657,8.499117130245398,6.3995385862638035,5.268256426306748,5.269290704588957,6.365235824122699,5.461359858815951,7.464450642472393,6.269902435687116,5.2552412051779145,5.479284394950921,7.438913437595091,5.712838616288344,7.979409711214724,6.057906298680981,5.875701871220859,7.712730990503067,7.832786439484663,6.548101503588957,8.181874686484663,7.612781865006135,9.163161537288342,5.5088978536134965,5.229121159993865,6.583970370711656,6.577580964699387,0
GSM2600167,5.844959686570553,7.766350549527608,6.9151562018773,5.181334956625767,8.57837123104908,8.521387546325153,7.483633486699387,6.520777666779141,7.603549468085889,10.804189130245398,8.256947695601227,7.049036796098159,5.336944228294478,10.304779486134969,7.105261830766871,8.058386861717791,8.857941068932515,7.695322146226994,6.530470843613497,5.996375197552147,8.445478863423313,6.486476089705521,5.977997157711656,9.86321083508589,8.238057244834355,8.196942564846626,6.204397535693252,5.625738905325154,5.626166080699386,6.4429233509938655,5.5980394701595095,7.336270183521472,6.167701072319018,5.456493491466258,5.570009702398773,7.127097576398773,5.719271088411043,8.064510076717792,5.844351391546012,5.868194148024539,7.179825545889571,7.511147633251534,6.519518593527607,8.082440266380368,7.723141860337423,8.735940024981595,5.288620501582822,5.22648449204908,6.5456546,6.886333761398773,0
GSM2600168,5.96333739398773,8.142381521576686,6.456886229202453,5.150634121435583,9.156778071595092,8.74906242438037,7.546136028226994,7.390416539460123,8.208382341711657,10.402904203558284,8.266304516558282,7.203816429846626,6.389510392883436,10.151268266546014,7.042274338110429,8.243832272883436,8.710941247558281,8.005028293423313,6.702513403576687,6.009260906134969,8.15753755308589,6.595132898687117,6.793174818447853,10.117940097380368,8.038772101754601,8.499117130245398,6.412022515871166,5.50785655695092,5.508404506822085,6.468360630588958,5.340173978736196,7.296555138588958,6.640928882153375,5.2933929482147235,5.5052834726871165,7.257212100349693,5.365049884552147,8.066256476631903,5.932426758503067,5.425241311858896,7.624742553539878,7.942382586527607,6.842771153601227,8.187560934656442,7.478785861417178,9.03270595819632,5.302680522993865,4.556408022380368,6.802415497214724,6.527500426331288,0
GSM2600169,5.532855460325154,7.924246154779141,6.307648887288344,4.978857274576687,8.318875458042946,8.734326141361963,7.472750979319018,6.651996890269939,8.043793719674847,10.064019752116565,8.328648287398773,6.896251991404908,5.68375076390184,9.87924698131902,6.8105753486257665,7.996066909141104,8.655752907110429,7.1070571540613505,6.710562916423314,6.188475063564417,7.9515937678282205,6.117874881466258,6.278206495116565,10.12713957097546,7.8592455290061345,8.418036857417178,5.945180148748466,5.755816157613497,5.756136878257668,6.694001558595092,5.444414745343558,6.55163620188957,6.4745165749447855,5.371905214257668,5.486960671453987,7.195571783196319,5.3939141676993865,7.60236218407362,5.912589262754602,5.5256431794969325,7.331038989595092,8.05144862895092,5.970851052619632,8.20379237802454,7.474451109515337,9.012350968613497,5.449325300233129,5.407400173128835,6.653095545957055,6.278511034177914,0
GSM2600170,6.260304001435583,7.958703539300614,7.052945406981595,5.155014801840491,8.975404448141104,8.655752907110429,7.622255919306749,7.207578750411043,8.121083572202455,10.69410601815951,8.66834670895092,7.318507996319018,6.171183369527608,10.411970136319018,7.331968236398772,8.226117008509203,8.906260978644172,7.843122113036809,6.719980085601227,6.298017058239263,8.382963957668712,6.644075970177915,6.499673842355828,10.28176515196319,8.243832272883436,8.238932231588956,6.505818018981595,5.08421607308589,5.086316024791412,6.658666485153375,4.86070591795092,7.710167859472393,6.2869797366503075,4.661990495521473,5.38442257203681,7.547755409803681,5.577650021,7.921872048723926,5.9271070506012276,5.724607313196319,7.633148301803682,7.793303904877301,6.563813682625766,8.134818492871165,7.641778612785276,9.419420087104294,5.624445953147239,5.0743662184417175,6.957521473742331,6.626894190392638,0
GSM2600171,5.959213261294479,7.733861951447853,6.571973184331289,5.0646902307914115,8.933234555588957,8.658393776552147,7.305484189963191,7.702610111662577,8.143150280184049,10.983228374539877,8.494264359564417,7.257212100349693,6.3234979984417174,10.496792272883434,6.719980085601227,8.041419366797546,9.193335468742331,7.516949754840491,6.296865750619633,6.121635443263804,8.290707320693251,6.452395661466259,6.5540254059018395,10.189573227337425,7.713468869024539,7.98427624980368,5.893697998331288,6.119606487263804,6.119890394576687,6.480024264165644,5.558906286496932,7.340772199503067,6.401254215803681,5.440683785717791,5.572211369147239,7.266866540883435,5.792652451668712,8.176275096932516,5.850940842754601,5.926503319184049,7.650248560092025,7.5416578393680975,6.662295194736196,7.992600682754602,7.750991224521472,9.01423656573006,5.438721537981595,4.755768523226994,6.787117905417178,6.68531433285276,0
GSM2600172,5.8320121852883435,7.593600177128834,7.041818023533742,5.004987432435582,9.087236599036808,8.596271741576688,7.481995704073619,7.366938314417178,8.314778196343559,10.780895978466258,8.522675043423313,7.2557623585582816,6.095676525374233,10.385116927668712,7.0183603948404905,8.125536979773006,9.041856612055216,7.451044551116564,6.451518819196318,6.126883871,8.034463562104294,6.875662794079754,6.353491293644171,10.346183183067485,8.000218791957055,8.060080439533742,6.460546852815951,5.738151323711657,5.738466765699386,6.589346020435583,5.340979806042945,7.717840560116564,6.724455129478528,5.232566281920246,5.121754599687117,7.620329157404909,5.646506002147239,8.747498408865031,5.891003758282209,5.813710737662577,7.563673953429448,7.423656480625767,6.856584533092024,8.134818492871165,7.436403438957055,9.038112546674846,5.097812279276074,4.610951673417178,6.948564530331288,6.857375620411044,0
GSM2600173,5.935613718429448,7.732678671,6.466137789331288,4.694126931239263,8.857941068932515,8.543218888098158,7.26061509495092,6.721836557625767,8.000218791957055,10.650683850920244,8.4744403186319,6.993506186312884,5.985359654957056,10.32919495380368,6.914284678466258,8.04551854595092,8.684641986717791,7.874946337294478,6.28818966703681,5.960410956092025,8.282558651828221,6.398052146754602,6.1023437352085885,10.035518681944785,7.863713475920246,8.305259541343558,5.69281234101227,6.0933819493558286,6.0936489783987735,6.731464480595092,5.218912090404908,7.160829136171779,6.219074274030675,5.115099725656441,5.693444492306749,7.03012770511043,6.077895169239264,8.369995262527608,6.19668964785276,6.19132249607362,7.240710061723925,7.796447059288344,6.205023285288344,8.053862639638037,7.494557144000001,8.934967174128834,5.785211841447853,5.280283983993865,6.296211493079754,6.505180346797546,0
GSM2600174,6.020999185239264,8.10155430520859,7.088025602441718,5.0329513047116565,9.263323706288343,8.696834620644172,7.865888590319019,7.145291527730061,8.387071345061349,10.43494076404908,8.574672180453987,7.390416539460123,6.554404724496933,10.422115294969323,7.206652829779141,8.389212019613497,8.91617527991411,8.055600422944785,6.869827645834356,5.824137881558283,8.097833943312883,6.368707763570551,6.430321392558282,9.739129880791412,8.077455863441717,8.664293006693251,6.3353216061963185,5.6794866350552144,5.679851639466257,6.644430861613498,5.245123087883435,7.416723477042945,6.5155280938895705,5.070355863368098,5.6860395053067485,7.516949754840491,5.304467992276074,7.585021678981595,6.252873431944785,5.452323781276074,7.98427624980368,8.070525771564418,6.635232226472392,8.216448913466259,7.437926840337424,9.72147834030675,5.108320583760736,4.593036459355828,6.900580947251534,6.176452727742332,0
GSM2600175,6.413624953834356,7.985112927030675,7.040550842398773,5.115099725656441,8.86858398109816,8.486558531619632,8.030115618595092,6.6129871362576695,8.132785611325154,10.496792272883434,8.56480343309816,7.105726805116564,6.110702880153374,10.231759488895706,7.152800678687116,8.20569936211043,8.838122375331288,7.889328323404908,6.756241873214725,5.982298157656442,8.215639405552146,6.7101689963251525,5.641320430742331,9.71386288286503,8.455648622466258,8.57837123104908,6.618341939404908,5.092133687165644,5.094048706018405,6.222898103644172,5.379731538134969,7.263473780828221,6.3566544115398775,5.109960693809816,5.659957714196319,7.516949754840491,5.141264348411043,7.974766425202453,6.132002094484663,5.3328104750490795,7.590135487717792,7.831311707398774,6.8706524611595094,7.990071697546012,7.483633486699387,9.102255639938653,4.700426373331289,5.054321652889571,6.3962052331227,6.308553690380369,0
GSM2600176,5.658070224049079,7.681265417441717,6.083319873104294,4.932132245871165,8.549078980944786,8.445478863423313,7.45535185398773,6.614302632404908,7.80576406496319,10.212495040490795,8.376556022527607,6.817543476092024,5.821653915092025,9.855554730570551,6.864140891650307,7.832126092214724,8.859294026668712,7.376511924343558,6.66947095693865,6.389239754730061,8.365784074190184,6.35815760002454,6.351983897490798,10.375377795276073,8.065269186754602,8.178318117558282,6.321337053650307,6.006553858533742,6.00681072907362,6.840133436730062,5.288620501582822,6.766244006779141,6.454205242797546,5.205010874263804,5.2793018265276075,7.341769483306749,5.870694831361963,7.936351125073619,6.186791263619632,5.994673311374233,7.407423234760736,7.892331886184048,5.981722081981594,7.879533806981595,7.600488962944786,8.784514249042946,5.143047982766872,4.675412277282208,6.23679178195092,6.224333052993865,0
GSM2600177,5.699644903319019,7.575343606760737,7.143996501987731,5.512733076809816,8.909562660582823,8.32128972807362,7.637566503226994,6.961475387251534,7.754965371073619,10.51119702404908,8.409240861938649,6.758820637435583,5.74031493815951,10.983228374539877,7.32775034713497,7.967655289251533,8.334145817055214,7.731998098687116,6.680682125122699,6.14904303006135,7.783832767263803,7.03255990211043,6.167701072319018,10.17022742707362,7.771344846748466,7.924246154779141,6.865446122717791,5.47420174007362,5.474693593785275,6.4162226304601235,5.5561161155092025,7.714842651877301,6.296211493079754,4.975992705006135,5.664075311564417,7.651420958263804,5.396724239220859,8.104752948104295,5.770470035276073,5.517773707355828,7.542765025423313,7.44739080317178,5.983667634245399,8.165057879533743,7.022603614680982,8.602672626797546,5.1770216509693245,5.71191233004908,6.998413790564418,6.376499718742332,0
GSM2600178,6.216266245447853,7.515252419042945,6.766244006779141,5.2793018265276075,8.81336772704908,8.419125282907975,7.5052722521656445,6.666946682257669,7.813680388374233,10.72734073570552,8.457944568736195,7.0250989013190175,6.305579732736196,9.95078848193865,6.738911347226994,8.118357721337423,8.556366297239263,7.525877394202453,6.403654853006135,6.195267381484663,8.658393776552147,6.856236034288344,7.181939821411043,10.755716628282208,8.095130498601227,7.816317724030674,6.078204976736196,6.278206495116565,6.278511034177914,6.425439395478528,5.0781167444294475,7.216442328920245,6.447144912797546,4.9067310510306745,5.490291156638037,7.856069589184049,5.115099725656441,8.454463194736196,6.280231138006135,5.2833758002576685,7.281593743386503,7.405904449349693,5.678416337564417,7.964420957392638,7.927559325251535,8.690178497834355,4.956121038104294,3.691243350404908,6.97188084090184,6.157577250067485,0
GSM2600179,6.397404534411043,7.7115277619325155,6.639403925582822,4.913244583552148,8.50670853104908,8.392290678116565,7.590135487717792,6.19668964785276,7.436403438957055,10.189573227337425,8.383952711294478,6.660898812423313,6.293387544539877,9.561748699687117,6.789758920846626,8.159423980601227,8.63543010514724,7.396251491447853,6.6146197109693246,5.992282495699387,8.140367015766872,6.731895691779141,7.006909513018405,10.31466919,8.486558531619632,8.1837627308773,6.220568079392638,5.792652451668712,5.792965767576687,6.481248675509202,4.981794290276073,6.85424303908589,6.436708030245399,4.80628410314724,5.191088795490797,7.647128314122699,5.03749825490184,7.774042765699387,6.86777036408589,5.290441148423313,7.353811883171779,7.671891851312884,5.728912152822086,7.813016028134969,7.562450784411042,8.9540312198773,4.900070591300614,3.1340062698711657,6.9046097228220855,6.078504597110429,0
GSM2600180,6.107378194717792,7.444173254907976,6.071096540674847,4.975992705006135,8.111000562460124,7.774042765699387,7.1993166132515345,5.718625395699386,7.139641028153374,9.8479737368773,8.531226772944784,6.603063434889571,5.802458665521472,9.094717435687118,6.713554019312884,7.749675004895705,8.545284534337423,7.126150840226993,6.798871842245399,6.278799035374234,8.044636520944785,6.4503258464171775,6.825024654699386,10.189573227337425,8.410283683282207,7.714250226515337,5.788603120680982,5.8033773373619635,5.80370714501227,6.098708980472392,5.128660421079755,6.488150655300613,6.478434120067485,4.913244583552148,5.007096285687116,7.446827415785276,5.2670171300122695,8.126384913104296,6.966942608042944,5.38174739701227,7.1559324743374235,7.467803232748466,5.169871059141104,7.646592005938651,7.386300559779141,8.471008337177913,5.18306618095092,3.519263731392638,6.724804262846625,6.131188847969325,0
GSM2600181,6.167426395680982,7.223717414662576,5.637134868423313,4.9098059302760735,7.227613208392638,7.543863863588958,7.605559498938651,5.705700036202454,7.18285444315951,10.099762728368098,8.518991932509202,6.38710100880368,5.212632125668712,8.75941631786503,6.951937045539878,7.571728299392638,8.013545972619632,7.143549171061349,6.729400339638037,6.162038699184048,8.178318117558282,6.359038041012269,6.53692545296319,10.194055607006137,8.03362682309816,7.562450784411042,5.676709682190184,5.818612987079755,5.818946152398773,6.085579999846626,4.837175188742331,6.117874881466258,6.316349514374234,4.584603188822086,5.133548397478528,7.331968236398772,5.441892528343558,8.289685430435583,6.69722839801227,5.587851824496933,7.161656873288343,7.645981904754601,5.2139685407546015,7.556544656404908,7.723141860337423,8.158499005411043,5.290441148423313,4.229295596128835,6.69045484393865,6.070821595674847,0
GSM2600182,6.170031193392638,7.709433378042944,6.653820872245399,4.641556759141104,8.544301897398773,8.191184101055216,7.497726274361963,6.462433324975461,7.360027288699387,10.39395459803681,8.452107928141105,6.918956055306749,6.121054571895705,9.74579581309816,6.662595057435583,8.12308925244172,8.499117130245398,7.440413883055215,6.742944810607361,5.833998065631902,8.042255465453987,6.544300085601227,7.069296385368098,10.31466919,8.49099495802454,8.337384156723926,6.24292372313497,5.425241311858896,5.425885255791411,6.443600387184049,5.030327948760736,7.210713412521472,6.315837394355828,4.7345681645030675,5.3610570132269935,7.841712542601227,5.451697496398773,7.6392960278282205,6.54879003793865,5.521664445177914,7.347879314944785,7.008997992006134,5.878778709269938,7.723141860337423,7.481492101570551,8.917716501018404,5.0743662184417175,4.113454975828221,6.950340434214724,6.216877866177914,0
GSM2600183,6.607210584907975,7.513767242055215,6.650655281595093,5.613715342650307,8.333084869570552,8.202915995957056,7.604924852858895,6.275897130251534,7.633814063834356,10.043779467638036,8.259964572932516,6.86620945093865,6.147067723239264,9.27363688007362,6.858461063141104,7.916487729993864,8.290707320693251,7.088468717294479,6.431260220723926,5.872768658466257,8.09428330395092,6.756241873214725,6.879968423263804,10.411970136319018,8.65708679382822,7.809974006748466,6.324376606018404,4.956121038104294,4.958845285668711,6.378061461184049,5.371185575349694,6.315837394355828,6.3516492725766875,5.22648449204908,5.351019508613497,8.004224289668711,5.191088795490797,7.631233139276074,6.64917108291411,5.395972950361964,7.596956555251533,7.604257983723927,5.865141581760736,7.714250226515337,7.4847112279938655,8.58337747139264,5.004987432435582,4.360265438374233,7.150104982521473,5.819835512699386,0
GSM2600184,6.0570432509079755,7.414699457564417,6.713554019312884,5.341799707539877,8.031832923177914,7.987712333257669,7.534759871165644,6.413300259938651,7.770663612656441,10.402904203558284,8.558805620337424,6.8397486834110435,5.847323680466258,9.451196754325151,6.737540170932515,7.872530916245399,8.74161564191411,7.30873443209816,6.510005497533743,6.268377967294478,8.356216762472393,6.739646609723926,6.925833152987731,10.62434906981595,8.450994922736196,7.54957778690184,6.101523597809816,5.890674972595091,5.891003758282209,6.721460370907976,5.08421607308589,7.228553065196319,6.570903201631902,4.878857419006135,4.967773482263804,7.846172261282209,5.33946103803681,8.524994078883436,6.925440893276074,5.485838868214723,7.645981904754601,7.244365324920245,6.227541213552148,7.686982469368099,7.682490559441717,8.61912737819632,4.755768523226994,4.293020221165644,6.9825571737914105,6.414856068435583,0
GSM2600185,5.841871026245399,7.272692092312883,6.474185035239264,4.86070591795092,8.060080439533742,8.021054172932516,7.32097461801227,6.243819549306748,7.608545163484663,9.947288503496932,8.58337747139264,6.7282985204785275,5.808052013625766,9.41697528395092,7.142709525815951,7.852127268312884,8.346585812343557,7.5052722521656445,6.498448391932515,6.357872583650307,8.543218888098158,6.405580730650307,6.307080928030675,10.295368830429448,8.254923230411043,7.90304218277914,5.641750417730061,5.4759644308773,5.476456574460123,6.437906070190184,5.320835197245399,6.762557918503067,6.533524594570552,5.199878148773006,4.896743226785276,7.658308766809816,5.325055871582822,8.314778196343559,6.635232226472392,5.448071683177914,7.356780259423313,7.524203245453989,5.358737510521472,7.758495162877301,7.693884240165644,8.792130928490797,5.245123087883435,4.426181415343558,6.862946117104295,6.340866360662576,0
GSM2600186,6.072821825208589,7.757119281331288,7.079209456546012,5.158148175914111,8.636815107503068,8.571060598668712,7.679909201466258,6.602291985300614,7.863713475920246,10.355584118343558,8.50670853104908,6.975013287484663,6.4158787927116565,10.221995964355829,6.892243604693252,8.154659669858896,7.987712333257669,7.841030847092025,6.5398700514662576,5.944092391809816,8.25288738023313,6.705453723564417,6.976547466116564,10.146802057079752,8.375442116650307,8.341695932687117,6.368374758417178,5.425241311858896,5.425885255791411,6.448687432950921,4.655436057,7.553062542085889,6.277904992877301,4.675412277282208,5.804675269153374,7.786472157184049,5.210212286576687,8.334145817055214,6.872221900202454,5.494946853815951,7.196915010380368,7.825456692619633,6.2441277845521475,8.06092917281595,7.700612455282209,8.772549018981595,4.96188006503681,4.556408022380368,6.837884102006135,6.297449026699386,0
GSM2600187,6.182089207981595,7.673793984441718,6.537600207570552,5.246158113380368,7.936351125073619,8.15359207895092,7.216442328920245,6.477052819220859,7.256212698963189,10.064019752116565,8.174434749478527,6.924989622159509,5.801492328748466,9.334271613742333,6.64917108291411,7.907856797705521,8.363724792582822,7.102263935368098,6.389239754730061,5.880642320282209,8.175396232625767,6.655960450699387,6.7710249575521475,10.439667884723926,8.662900432478528,7.744088455834356,6.077288077993865,6.228713209503067,6.228979421779141,6.066595519349693,5.502722137705521,6.288511825552146,6.50713633607362,5.496062276263804,4.811276983815951,7.295561917723926,5.248390687797547,8.13389292614724,6.8016026714846625,5.535648578564417,7.403451204552147,7.486243440644173,5.61994383102454,7.645981904754601,7.459591386122699,8.421253545638036,5.227743079147239,4.520424271092025,6.689105461840491,6.408938943656441,0
GSM2600188,6.172966950582822,7.398182846282208,5.999697046349693,4.782705124159508,7.496156935650307,7.733861951447853,7.458610676858896,5.58394934591411,6.889932030030675,9.967461160723929,8.274482787748466,6.390760073944785,5.2833758002576685,8.989148317944785,6.853496883552147,7.712153607496933,8.39014155403681,7.075433669325154,6.296865750619633,5.980598537773006,7.963666011165644,6.420899294570552,5.828053053368098,10.520570111533742,8.6656658068773,7.77547769395092,6.412357448742331,5.3318690338895705,5.3328104750490795,6.082795475662577,4.687892134220859,6.4565309334110434,6.347561773245398,4.5750655902638035,4.852954578417178,7.652552244460122,5.202439825220859,8.495321960533742,6.943314481331288,5.3123548097791415,6.995107181828221,7.311603392944785,5.329369203190184,7.504084908276074,7.502388892914111,8.297116989619632,5.175647385110429,4.08251527084049,6.535862124950921,6.1992072920184045,0
GSM2600189,5.991343266576687,7.701292359680982,7.071116558030675,4.896743226785276,8.503009291,8.325458450380369,7.725340906957056,6.167701072319018,7.487351532687117,10.221995964355829,8.706577351613497,7.050387031914109,6.404639960674847,9.963139895834356,7.138814327196319,8.171541383809815,8.168879551233129,7.795909063773006,6.833521585220859,6.113503363588957,8.277584868496932,6.717097506361964,6.907563745153374,10.180045540116565,8.440106568478528,8.177269916822086,6.095378911042944,5.592313073417178,5.592747332331288,6.457900129030675,5.181334956625767,7.112033182693252,6.18937748691411,5.16704587996319,5.268256426306748,7.877257066515337,5.18306618095092,8.100640202447853,6.895443228447852,5.365794242306748,7.243929521049081,7.639914583128835,6.12519775090184,8.053862639638037,7.595300148042945,8.997984193239263,5.0329513047116565,4.0448562929386505,6.929016383417178,6.162319010128835,0
GSM2600190,6.148515850822086,7.294040847619631,6.53792525102454,4.500652557251534,8.293830896036809,7.953139131282209,7.626636320895706,6.639084120582822,7.792710594263803,10.49208298153374,8.601412142411043,7.017565206687117,5.661887061030675,10.212495040490795,7.030975484969325,7.961116860766872,8.238057244834355,7.640544719104295,6.665356463748466,5.757450319650307,8.119281428349694,6.274978407294479,7.116840272650307,10.72734073570552,8.282558651828221,7.757763218239265,6.606890003815951,5.967772045349693,5.968038193730061,6.252611120312883,5.111655387877301,7.330090529944786,6.398640422067484,4.967773482263804,5.270262420404908,7.809974006748466,5.045884214576687,8.274482787748466,6.3668058668834355,5.1770216509693245,7.405904449349693,7.393684806251534,6.2587891576625765,7.942382586527607,7.340772199503067,8.700980034251534,5.0781167444294475,5.115099725656441,7.033398829711657,6.365551261196319,0
GSM2600191,6.438237284460123,7.1461996534785275,6.08359338911043,4.932132245871165,7.57416683604908,7.647765040742331,7.418835201662577,6.402779549619632,7.387368915466258,10.535491822515336,8.772549018981595,6.65031081095092,5.768859415239264,10.241240422699386,6.609229680055214,7.796447059288344,8.446460978742332,7.083190376907975,6.232074972294479,5.810187528865031,8.084377096957056,6.418371719245399,7.236678708276073,10.62434906981595,8.503009291,7.457460572380368,6.031421663883435,5.927881064797546,5.928135740079754,6.050889835245399,5.351767603503067,6.891832417895705,6.722531543779141,5.2833758002576685,4.890248993656442,7.338337893717791,5.452946786171779,8.10155430520859,6.755236183730061,5.56722413992638,7.4013858494049085,7.117621801582822,6.2944127673496935,7.84907614709816,7.320517741723926,8.261242704576688,5.484751404171779,4.5750655902638035,6.755571171006134,6.742235529417178,0
GSM2600192,6.27345476408589,7.244838856834356,5.4373807907852765,4.328572056791411,7.022603614680982,7.580832922552147,7.42629341895092,5.740952228846626,7.177864285871166,10.160157370601228,8.589911510570552,6.117009945613496,5.218912090404908,9.209946874214724,6.719980085601227,7.712153607496933,8.199757510858896,7.269692925478528,6.599496806785275,5.683418552276074,7.919651839723927,6.061337547202454,6.346349696030674,10.39395459803681,8.766758935435583,7.695322146226994,6.249120594644172,5.570901218067484,5.57134920208589,5.963049354337423,5.261674096067485,6.162592445828221,6.515863923852761,5.191088795490797,4.890248993656442,7.131051056625767,5.230313754920245,8.102352055386502,6.5618733410858905,5.387068843202454,7.05642486619632,7.080155164042945,5.445033093159509,7.54338560395092,7.224234878503068,8.089845891404908,4.87167236798773,5.395972950361964,6.39985001104908,6.221779901153375,0
GSM2600193,6.2145896497361965,6.915559395435582,6.087607423570552,5.0781167444294475,7.779055704926381,7.662213281429448,7.32336962196319,6.422767892791411,7.686982469368099,10.426121589325154,8.593846758785276,6.7159634733742335,5.617633862128834,10.011024028533742,6.7039763452760734,7.746852369791411,8.416957996723927,7.332905522355829,6.4627392270429445,6.124666546668712,8.000876275742332,6.466137789331288,7.01715671804908,10.748767235582822,8.456732796822086,7.525317280030675,6.404965915895705,5.423364732496933,5.424035968570552,6.711273115527607,5.406724821484663,7.202422558993865,6.62525015285276,4.917270546564417,4.71186371009816,7.509484536533742,5.798590197478528,8.999639160171778,6.1992072920184045,5.920644506435583,7.297538446472392,6.945389612503067,5.854454324834356,7.587780675386504,7.472207940263804,8.48769883779141,5.604310110582822,5.6726617535521475,6.4539062303435575,6.900580947251534,0
GSM2600194,6.434116607067486,7.42629341895092,6.8034900557300615,4.694126931239263,8.563580751871166,8.165057879533743,7.617353208834356,6.974271629202454,7.949218700036809,10.780895978466258,8.469826578128833,6.876068688319018,6.237356216840491,10.650683850920244,6.861388988595093,8.02017609903681,8.110209473404907,7.371073997490797,6.482903124932515,5.93613706281595,7.971665797085889,6.837884102006135,7.402409719165645,10.72734073570552,8.095130498601227,7.890909601815952,6.823198725411042,5.68375076390184,5.684095653245398,6.595789738515338,5.309857385435583,7.216845022570553,6.494199132773007,5.210212286576687,5.125301577441718,7.878680179257669,5.383777843177914,8.394673862349693,6.096539120865031,5.417179022564417,7.3026726960736195,7.380184183625767,6.571272273687117,8.228004230742332,7.286334923226994,8.599916667638038,5.068513508907976,4.175562084515337,7.0761659048957055,6.349234462656441,0
GSM2600195,6.35232105107362,7.325846840920246,6.183997721472393,4.771275697926381,8.18570556096319,8.071450950466257,7.272692092312883,6.42001023503681,7.605559498938651,10.217656559631902,8.406027724760735,6.686680054030674,5.878487137552147,10.32919495380368,6.578680063098159,8.077455863441717,7.918953528306749,7.294558482515337,6.5284995835766875,5.6532118540429455,8.112878945079755,6.463097366613496,7.330090529944786,10.629198618404908,8.163058562484663,7.750991224521472,6.7403334478098165,5.169871059141104,5.171302949858895,6.433448797012269,5.356384581736196,6.546719479257669,6.226333508030675,5.261674096067485,5.3952636187975465,7.558767722245399,5.2638075871411045,8.290707320693251,6.5571611987300615,5.450537365993865,7.287323859331288,7.230482697944786,6.185895332680981,8.085240320337423,7.341211141705521,8.15359207895092,5.130178546828221,5.325055871582822,6.945007128104295,5.940387613582822,0
GSM2600196,6.256101577030675,7.406894290754601,6.193754117380369,4.271894700288343,7.563673953429448,7.418835201662577,7.542765025423313,5.872422615349693,7.07019483906135,9.963139895834356,8.648132231251534,6.5510088996993865,5.538020742791411,9.958732482429449,6.9056968277239275,7.723141860337423,8.168879551233129,7.482509631650307,6.6765768601656434,5.7040201925828224,7.885391786662577,6.329267663496933,6.549761000546013,10.430536921595092,8.728331731527607,7.913393797950921,6.4230521856257665,5.636342796809816,5.636738111496933,6.0736993475521475,5.0781167444294475,6.479103347380369,6.367434656638037,4.844934756294478,5.296057116858896,7.28444326803681,4.852954578417178,7.944664404564418,6.703274702730061,5.0329513047116565,6.913891434576687,7.172124506687117,5.610388589613497,7.758495162877301,7.0061156765460115,8.445478863423313,4.886608371644172,5.360236914754601,6.5631758240858895,6.131464958631901,0
GSM2600197,5.463134147269939,7.571188924411043,6.793928546325152,4.393957872411043,8.320075171484662,7.939478262134969,7.719843965699386,7.070685066705522,7.655043910184049,10.402904203558284,8.57589508096319,6.657269815159509,5.870090935822086,10.645188742208587,6.602291985300614,8.097833943312883,8.202915995957056,7.4013858494049085,6.6523698567730065,5.694176888349693,8.114762050092024,6.7488938098527615,7.091418188779141,10.355584118343558,8.171541383809815,7.983350573687117,6.765158685533741,5.379731538134969,5.3804221484171775,5.952069229331289,5.196209828822086,7.502981774398773,6.435409330312884,5.023698138564417,5.8001957247730065,7.883278135588958,5.321730210006135,8.79068376088957,6.6754587695030665,5.53041648002454,7.079647194552147,7.22566721791411,6.4474650941349685,8.422366876957057,7.379684969441717,8.277584868496932,5.325055871582822,4.634149662447853,7.174752720858896,5.838555658539877,0
GSM2600198,5.940957072680981,7.915778136116564,7.016763595730061,4.3453756483067485,8.171541383809815,8.228004230742332,7.763625892613496,6.708034829785276,7.433160350797546,10.487289611411043,8.601412142411043,6.785649725257669,5.082256717889571,10.682828187300611,6.815751557006134,8.278630974834355,7.926718818588957,7.334332500429448,6.5927468260552144,6.279644492865031,7.90304218277914,6.742235529417178,6.964450361018405,10.077583403208587,8.197814487588957,7.947706320576687,6.404965915895705,5.725889314386503,5.726219374380368,6.047135048601227,5.281396733779141,7.1909421103190185,6.433806557601226,5.172755138503068,5.355653596447852,7.754965371073619,5.118442790773006,8.146303699202454,6.46212802195092,5.3810559301227,7.768322349447852,7.463397703380368,6.665771069478528,8.655752907110429,7.335877462607362,8.536124993877301,5.035428947809816,4.453137543472392,6.862946117104295,6.219074274030675,0
GSM2600199,6.392326323668712,7.76289885206135,7.672512938503068,5.425885255791411,8.584594317392638,8.407005520705521,7.947706320576687,7.1941594585644175,8.18570556096319,11.049546435398772,8.605286373067484,7.164321713055215,6.164025799779141,11.19494410601227,6.684599655699387,8.336394811128834,8.126384913104296,7.701292359680982,6.743303396288344,5.673788659773006,8.081562496325153,7.000714077527607,7.683193367981596,10.189573227337425,8.190242073055215,8.069696193165644,6.782983970822086,5.539467149699386,5.539915625196319,6.627606708202454,5.788007187993865,7.944664404564418,6.640148085797547,5.473143222312883,5.490806050711657,8.022808216177914,5.072287576312883,9.005040492453988,6.246443547791411,5.377542785478528,7.817005652417177,7.508478305036809,7.430487788858896,8.453207277361964,7.359477325490797,8.867193565098159,4.975992705006135,5.028102908613497,7.121183196386504,6.265436147337423,0
GSM2600200,6.271955571435583,7.761340455460123,7.32336962196319,5.199878148773006,8.824364057496933,8.503009291,7.872530916245399,6.906056363840491,8.191184101055216,10.57946272,8.798292391177915,7.224673146760735,6.4848965511533745,11.09647575018405,7.067933234233129,8.367835174558282,8.18570556096319,8.026769388846626,6.7206764124049085,5.753031558386503,8.128242890079754,6.869010524472393,7.198848265122699,10.268242793067484,8.289685430435583,7.98427624980368,6.377725633625767,6.300809645300614,6.3010881767055205,6.703601501938651,5.509928317674847,7.366465540797547,6.434116607067486,5.585275343638037,5.714272919300614,7.850518132509202,5.319096004895705,7.877257066515337,6.440086568312883,5.4991946091779145,7.732678671,7.490247341576688,6.692989893644171,8.561243367392638,7.392082008638036,9.121424808447854,5.197339240773006,4.776726361834356,6.875221583828221,6.274978407294479,0
GSM2600201,5.739452920822085,7.617353208834356,6.486821261300613,4.87167236798773,8.359302334601226,8.4744403186319,7.736744509447853,6.903504555527608,7.981695386435582,10.56380260226994,8.683271723226994,6.862564880963189,5.98422625598773,10.731965932208588,6.9786347411717795,8.43900156690184,8.098726357515337,7.81494251411043,6.843484740957055,6.189064641453988,8.022808216177914,6.706495990607363,7.285857302337424,10.39395459803681,7.80715339990184,7.9355259078957054,6.598129934546011,5.776454886,5.7768214489263805,6.7912608243374235,5.302680522993865,7.370486827766871,6.599496806785275,5.14894512291411,5.3502130206012275,7.717069442889571,5.377542785478528,8.264339788067485,6.307937779417179,5.5779936935828225,7.710804706907975,7.741359982932516,6.392326323668712,8.291714856024539,7.296555138588958,8.649552683748468,4.967773482263804,4.634149662447853,7.07702053193865,6.306176062429448,0
GSM2600202,5.453499849527607,7.524720797110429,6.6784030810368105,5.092133687165644,8.485393720257669,8.259964572932516,7.520803607840491,7.475573222319018,7.970866083018405,10.699081801963189,8.341695932687117,7.313557321380368,6.706495990607363,10.66060352588957,6.827995798717791,8.0284712142454,9.316766985920246,7.486243440644173,6.453016713263804,6.224051152466258,8.15753755308589,6.35815760002454,7.857603240791411,10.472993856687117,6.632812632214724,7.9754679471533745,5.799500287184049,4.981794290276073,4.984447330208589,6.8416328601595096,5.199878148773006,7.085487388251534,6.741508664619633,5.090095085404908,5.771427460306748,7.587780675386504,5.551648858944786,8.181874686484663,5.93154374106135,5.733515688386503,7.442526351245399,7.400343688453987,6.316917361055214,7.8299189581104285,7.5399417791227,8.636815107503068,5.434425591687116,6.123457644858895,6.975788364214725,6.630448007631901,0
GSM2600203,5.390457884079755,8.017739740214724,6.526477345576688,4.556408022380368,8.44876376681595,8.281552260668711,7.412640430717792,7.025944660754601,7.76289885206135,10.360855891165643,8.216448913466259,6.982125793509202,6.235658039619632,10.61969187570552,6.923024149226993,8.03104307286503,9.064239288276074,7.595300148042945,6.449626958478528,6.262365297312884,8.077455863441717,6.588347658380369,7.313068941349694,9.926157998932515,6.522791079453987,8.288655400319017,5.820494958417179,5.667764431766871,5.668102771815951,6.660143877404908,5.062614730337423,6.758820637435583,6.402461180300612,4.92610919891411,5.614826039993865,7.350367959822086,4.9419579339693245,7.691405505116565,6.286082133325153,5.208812811693251,7.443664955380369,7.813680388374233,6.345686002116564,8.007446930361963,7.459591386122699,8.516465107012271,4.900070591300614,6.002852693815951,6.928219712423313,5.916438356656442,0
GSM2600204,5.912247253245399,7.924246154779141,6.807901089944784,5.159597906503068,8.766758935435583,8.37318102586503,7.70543131096319,7.699840585895706,7.700612455282209,10.715509353251534,8.311644552325154,7.238560123055215,6.275897130251534,10.879489518773006,7.094394898815951,8.249815026638037,8.799918733852762,7.492454709141104,6.481974386,6.342846310294478,8.180121529190185,6.992246192288343,7.614478406644173,9.89420857897546,6.336868209926379,8.424702721300614,5.754606408736197,5.082256717889571,5.08421607308589,6.6523698567730065,4.393957872411043,7.463912109515338,6.313088248607362,4.145658969969325,6.003412293233128,7.767718593650306,4.634149662447853,8.345664672773006,6.425148648895705,4.792564015693252,7.339318534773007,7.744088455834356,6.9817489389631895,8.012771433263804,7.54338560395092,8.563580751871166,5.535181771337423,5.715583875312883,6.9222794116625765,6.081418947177914,0
GSM2600205,5.411983696128834,8.008377408337424,7.16650987379141,5.2552412051779145,8.878464107220859,8.61286155425767,7.386846998797546,7.741359982932516,8.030115618595092,10.761644683742333,8.318875458042946,7.413140150809816,6.749235243797545,11.169513596932514,7.040150533055215,8.335340327521472,8.873724505705521,7.972398692766872,6.506838919036809,6.439767043717791,8.291714856024539,6.769151050061349,7.789262975263804,9.930662941306748,6.10063896396319,8.41575001820859,5.663700821472393,6.0516935515644175,6.051926218110429,6.911888476128834,5.305343048490798,7.537666412883436,6.38710100880368,5.115099725656441,5.868194148024539,7.598163662104294,5.048278256889571,8.221179732355829,6.404294100220859,5.274409376104295,7.650248560092025,7.907122459251534,6.856236034288344,8.10848676591411,7.57416683604908,8.86858398109816,5.002622648331289,6.025733668220859,6.558139862607362,6.433143502122699,0
GSM2600206,5.512265077,7.988481477754601,7.437926840337424,5.27540118607362,8.74589150570552,8.462582483067484,7.751679145245399,7.596956555251533,7.950045553484662,10.704596706932517,8.129123021852761,7.394203815766872,6.546719479257669,10.737632543496932,6.859534274730061,8.239900903631902,8.84788987590184,7.759970741282208,6.788280817251534,6.117597137950921,8.360459783852761,7.378040719343558,7.674486437429448,10.14250718117178,6.790887989723926,8.196942564846626,6.263925901840491,5.1564888469202455,5.158148175914111,6.680265168889571,5.2529643719631895,7.665497026944784,6.384936887269938,4.856929310969325,5.8043819892638036,7.883278135588958,4.896743226785276,8.098726357515337,6.274051435828222,5.139725300104294,7.6073844314417185,8.021918267484661,7.079209456546012,8.228004230742332,7.575965014165645,8.648132231251534,5.007096285687116,5.94155022796319,6.783758891104294,6.218359462496933,0
GSM2600207,5.5753790529263805,7.76289885206135,6.645780457306749,4.938585750006135,8.291714856024539,8.312782184490798,7.579050090478528,6.771417568306749,7.528337300460123,10.604674087055216,8.335340327521472,6.991830896846626,6.373114695969325,10.416995665766873,6.798871842245399,8.095130498601227,9.102255639938653,7.437926840337424,6.510939004674847,6.131464958631901,8.096972531055215,6.6387434219631904,7.592461604815951,9.954616155104295,6.54358261514724,8.135652318012271,5.951766570564417,5.5207578897975464,5.521212823165644,5.977997157711656,4.661990495521473,6.861777354190185,6.296211493079754,4.520424271092025,5.323362579404908,7.248065769331289,5.329369203190184,8.102352055386502,6.324678789748466,5.540853446509202,7.218715053662577,7.239392820865031,6.405834955208589,8.19391877688957,7.493995786411043,8.317864794631902,4.953266276638037,5.960410956092025,6.538265215404907,6.597106675411044,0
GSM2600208,5.446950101098159,7.790616073785276,6.82914985713497,5.0646902307914115,8.716255342687116,8.25596829097546,7.436403438957055,7.36793394995092,7.817005652417177,10.639839122883435,8.482789223214724,7.28683333791411,6.53792525102454,10.780895978466258,6.965316545736196,8.113849203662577,9.14714719202454,7.58027301904908,6.372172240803681,6.205334803631902,8.228996208564418,6.606182557349694,7.729985761846626,10.333066140306748,6.446802991613497,8.316876711662577,6.013781859803681,5.139725300104294,5.141264348411043,7.023908025926381,4.896743226785276,7.061081491177914,6.436999003846626,4.681245291196319,5.606298641,7.596440036245399,5.0743662184417175,8.220359152337425,6.192253131276074,5.269290704588957,7.533682485601227,7.569518368042946,6.588347658380369,7.974766425202453,7.550734923773007,8.778408452349694,4.833324611012269,6.348205265730061,6.665771069478528,6.395850350319018,0
GSM2600209,5.5882672054969325,7.785214193423313,6.956758791969325,5.187012241404908,8.990950297349693,8.674883705214723,7.478333726779141,7.695322146226994,7.8643299208773,10.755716628282208,8.347575632730061,7.388336545527607,6.439155699846626,10.983228374539877,6.892650124208589,8.387071345061349,9.133832240184049,7.780455988754602,6.498448391932515,6.300809645300614,8.15359207895092,7.101052035779142,7.531808611981596,10.25462879588957,5.810187528865031,8.264339788067485,5.533783436006135,5.249496453018405,5.250663345159509,6.619031357705522,5.318077052920246,7.501892075153374,6.500793686730061,5.028102908613497,5.6030427595398775,7.8299189581104285,5.493997474263804,8.24487257406135,6.55163620188957,5.615709128171779,7.550150295822086,7.703974421515338,6.82008038595092,8.071450950466257,7.469493740564418,8.75352790080368,4.973273995754601,6.766244006779141,6.8004430378834355,6.925833152987731,0
GSM2600210,5.424606074687116,7.754365176380368,7.703287616515337,5.712552740147239,9.156778071595092,8.702586473509204,7.887791055300614,8.031832923177914,8.220359152337425,10.799114852515338,8.18276722466871,7.693884240165644,6.850167922969325,11.104387519079754,6.55578897706135,8.504230923429448,9.176709249294476,7.547755409803681,6.370851675190185,6.169727511147239,8.269577360404908,7.13737868397546,8.34879524488957,9.939154661791411,6.251418465288343,8.090671446312882,6.138098716325153,5.388430102748466,5.3890696635214725,7.054716997871165,5.248390687797547,7.68518671014724,6.697992716730061,5.0781167444294475,6.067798446006135,7.899906721159509,5.733515688386503,8.676288662337424,5.949994255595092,5.836107001993865,7.662213281429448,7.764292699558282,6.96734703579141,8.113849203662577,7.608029387932516,8.799918733852762,5.376057311883436,5.515800766840491,7.266866540883435,6.741891380693252,0
GSM2600211,5.2933929482147235,8.021054172932516,7.563673953429448,5.544817840441718,8.836582059030675,8.57226677993865,7.993461123184049,7.696670995932516,7.852127268312884,10.983228374539877,8.450994922736196,7.451593707042944,6.726013861061349,11.220612738834356,6.901854582920246,8.368954154736196,9.141621018883436,7.710167859472393,6.463097366613496,6.35232105107362,8.212822642760736,7.396712368822086,7.890110553521473,10.0599426808773,6.768726877466257,8.264339788067485,5.659957714196319,4.668899920625766,4.675412277282208,6.747639839319018,4.824050256018405,7.509000659730061,6.288797167969325,4.92610919891411,5.6395335042760735,7.669351921834355,4.94471255998773,8.210131994282207,5.98992111492638,5.143047982766872,7.809974006748466,7.996066909141104,7.06842546207362,8.416957996723927,7.6713181325030675,8.911197347644173,4.970356746521473,5.307208899693252,6.849029083932516,6.479714525306749,0
GSM2600212,5.9768186096871165,7.910204269674846,7.819386324797547,5.682361308588956,9.305034548834357,8.699601150619632,7.985112927030675,7.974766425202453,8.245943147226994,10.96929357239264,8.275452738957055,7.609125356895706,6.737220726251534,11.373403794785276,6.899324759312884,8.592555809644173,9.131865439576687,7.890909601815952,6.57466913897546,6.375296370797546,8.359302334601226,7.107916040220859,8.206552865036809,10.027078602055214,6.000317949128834,8.352921139116564,6.276723582760736,5.577650021,5.5779936935828225,7.093994181846625,4.953266276638037,8.007446930361963,6.572291646018404,4.987119499312883,5.705078548423312,8.054764559558281,5.243963944656442,8.533510303736197,5.986199205748466,5.401512070871165,7.886179980441717,7.806440898858895,7.236678708276073,8.122149285202454,7.631824891417177,8.830230766411043,5.654337741576687,5.76985301006135,6.7935690159938655,6.643066820098159,0
GSM2600213,5.2793018265276075,7.883278135588958,7.707434674785276,5.39459622495092,9.041856612055216,8.607908929730062,7.771344846748466,7.957932357460122,8.180121529190185,11.026428123006134,8.15565389607362,7.369427511558282,6.3904356078159505,11.286495867607362,7.098902432883436,8.56480343309816,9.04351482120859,7.835133288503067,6.54358261514724,6.278511034177914,8.584594317392638,6.947409813220859,7.877841912128835,10.375377795276073,6.574350642276073,8.370843283361964,5.828975135552147,5.57134920208589,5.5717763472760735,6.480024264165644,5.00957569293865,8.090671446312882,6.349234462656441,4.745490954607362,5.766214670159509,8.078240021171778,4.987119499312883,8.437807732165645,6.176732242226994,5.238122843325153,7.551858046110429,7.6306266610552145,7.001152009852761,8.291714856024539,7.822413174423313,8.743061234398773,4.981794290276073,6.376794545190184,7.035923491404908,6.560479464717791,0
GSM2600214,5.3858763615276075,7.753649070601226,7.30873443209816,5.058352272104294,8.072251470993866,8.098726357515337,7.897542225944785,6.942131524423313,8.013545972619632,10.459608727239264,8.756290226803682,7.192777432153374,5.528438247723926,10.540664508588955,7.297060000447853,7.981695386435582,8.223069417337424,7.559390566484663,6.81969755214724,6.303389179294478,8.016127520055214,6.933520582717791,7.0389252755153375,9.986541491552147,7.1919889826625765,8.688869906018406,6.679890931073619,5.719271088411043,5.719615678159509,6.215663949680982,5.220186379006135,7.631233139276074,6.385257449104294,5.1014148051963195,5.5073266492331285,7.874112053343558,6.790090197533743,8.25596829097546,6.381226012098159,6.9547862551963195,7.619130110846626,7.528337300460123,6.82914985713497,8.281552260668711,7.209024466619632,8.947174840631902,6.355680433558283,4.797097128257668,6.951937045539878,5.698255570147239,0
GSM2600215,5.178558792319018,7.589539415122699,6.066595519349693,4.9098059302760735,8.435502076380368,8.079035394809816,7.58027301904908,7.074640293055215,7.767718593650306,10.160157370601228,8.493220014055215,6.848649420392639,5.844351391546012,10.51119702404908,6.9056968277239275,7.90304218277914,8.61912737819632,7.238560123055215,6.514857275404908,6.284542234656441,8.021918267484661,6.744771267877301,6.754107709490798,10.583923484785275,6.532519891147238,8.117432009472392,6.640148085797547,6.860282249521473,6.860665935073619,5.8762166916932514,5.196209828822086,7.096186664546012,6.293728029871166,5.002622648331289,5.1534596080306745,7.859926488435583,7.042274338110429,8.142381521576686,6.6383797038773,7.220900415000001,7.336802635920246,7.360562395993865,6.5456546,8.000876275742332,7.261643950546012,8.63102807002454,5.821653915092025,3.691243350404908,6.985004692349693,6.126009759730062,0
GSM2600216,5.118442790773006,7.414699457564417,6.164886380361963,4.694126931239263,8.342653366184049,8.044636520944785,7.481492101570551,6.643066820098159,7.743353983607363,10.17022742707362,8.44426876998773,6.878336529116564,5.983667634245399,10.360855891165643,6.712436168693252,7.967655289251533,8.51780513776687,7.585554548226994,6.600910077932515,6.213689116613497,7.856787248993865,6.512204361754601,6.814227548,10.30025422638037,6.921547968662576,8.34366358034356,6.53692545296319,5.281396733779141,5.282387354239264,5.977374996527607,5.296057116858896,6.87757557590184,6.500793686730061,5.250663345159509,4.890248993656442,7.482509631650307,6.427094606331288,8.077455863441717,6.6523698567730065,6.564497944564417,7.132076300392638,7.474451109515337,6.176732242226994,7.9754679471533745,7.123823931368098,8.691361397815951,6.12630595190184,4.145658969969325,6.807901089944784,6.3058698961472395,0
GSM2600217,5.052348740171779,7.467803232748466,5.754313478349694,4.7296291911472395,7.628827794079754,7.908676111932516,7.625383986773007,6.447144912797546,7.4158053286871155,9.97454007614724,8.333084869570552,6.921901264546013,5.604717619932515,10.047912881325152,6.61363508807362,7.950767672478527,8.732893565294479,6.977379244208589,6.465825376177913,6.05593834206135,7.918085624417178,6.99798100193865,6.871436578055215,10.151268266546014,6.412022515871166,7.988481477754601,6.458551802944785,6.281103240883436,6.281377919202454,6.026652947834355,5.345680638460123,6.529789433331288,6.586698945288344,5.443159924349693,5.023698138564417,7.567844117840491,6.865828730552148,8.63933153106135,6.526828371638037,7.023419957478528,7.316530257319019,7.585021678981595,6.183047406006136,8.130997347460124,7.247610687000001,8.073063794435583,5.943184511533743,4.250629443907975,6.909128728177914,5.685079942386503,0
GSM2600218,5.043673707564418,7.553062542085889,6.35232105107362,5.280283983993865,8.20379237802454,8.304272460092024,7.368446095380368,7.123823931368098,7.674486437429448,9.986541491552147,8.453207277361964,6.947808888239264,5.908034683993865,10.6768082102454,6.7969717182576685,8.037950824797546,8.57837123104908,7.278184635165644,6.262675449141104,6.243819549306748,7.912732886907976,6.538907486006135,7.055610730932515,10.379955157914113,6.784121876920246,8.238932231588956,5.943184511533743,7.054716997871165,7.055183035546013,6.092519408368099,5.217568271478528,7.084977682828222,6.457900129030675,5.336136412349693,5.324129025834356,7.434767371306749,6.86777036408589,8.363724792582822,6.341863195705522,6.993098520490798,7.03841758319632,7.220034793447852,5.945483818466258,8.404910850828221,7.353811883171779,8.459016006190184,6.230197171558282,2.6491097788834352,6.895828931171779,6.400753042711656,0
GSM2600219,4.896743226785276,7.744088455834356,5.661887061030675,4.5750655902638035,7.567328842809816,7.856069589184049,7.6363877718036814,6.092834858638037,7.430487788858896,9.817350064466256,8.6656658068773,6.503169411748466,5.202439825220859,9.99077343804908,6.747324918116564,7.813680388374233,8.387071345061349,7.190502722435582,6.732871275797546,6.34694595902454,7.899906721159509,6.667318179822086,6.424519622018405,10.189573227337425,6.912319820932516,8.120143009472391,6.401587724417178,6.409579796834356,6.409893110503067,5.9392090875398775,4.788319539638037,5.734897544944785,6.160536462515338,4.648997699429448,5.178558792319018,7.442526351245399,6.184562928073619,7.887070886981595,6.515156888809816,6.306176062429448,7.322846060226993,7.569518368042946,6.134241655503068,7.733237939233129,7.122098186337423,8.388107424226995,5.89805282982822,4.584603188822086,6.512867293098159,5.729842676036809,0
GSM2600220,5.306260131723926,7.277674748208589,5.827141485625766,4.706191969472393,7.638162265883435,7.631824891417177,7.514292752030674,6.36995302095092,7.27164829609816,9.883004931435584,8.538464799539877,6.643401573300614,5.115099725656441,9.86710791513497,6.851264239668712,7.696670995932516,8.591101787920245,7.054716997871165,6.5198245256441725,6.50713633607362,8.146303699202454,6.713183408668712,6.632484764809816,10.710080594846628,6.8045950106319015,7.839544850521472,6.522791079453987,7.601144372220859,7.601806512576687,5.872137309245399,4.8751566379938645,6.405580730650307,6.4306146349386495,4.938585750006135,4.886608371644172,7.516949754840491,6.571619488963189,8.176275096932516,6.272253213030675,6.736122472742332,7.328638501331288,7.427391821159509,5.968330716331288,7.732678671,7.221869124907976,8.120143009472391,6.381226012098159,4.08251527084049,6.741508664619633,6.5201478999386495,0
GSM2600221,4.655436057,7.363629275865031,6.057315456325154,4.923256065190184,7.866585381846626,8.10155430520859,7.467252063895705,6.69045484393865,7.673793984441718,9.970817640987727,8.489913652895705,6.815751557006134,5.46423058091411,10.189573227337425,6.85202866290184,7.872530916245399,8.558805620337424,7.154147412079754,6.847850408680982,6.463410660417178,7.978577058901839,6.512509723110429,6.842387962478527,10.286114911104294,6.504845279748467,8.013545972619632,6.243819549306748,6.758820637435583,6.7591957820061355,5.89924149101227,5.196209828822086,6.5084249781165635,6.370851675190185,5.0781167444294475,5.052348740171779,7.431066785411042,6.416825869226995,8.228996208564418,6.469659484748466,6.5618733410858905,7.266866540883435,7.54957778690184,6.177631389202454,8.09966140788957,7.216845022570553,8.279670231361962,5.814036764220859,4.201443895521472,6.829526839196318,6.048037595337423,0
GSM2600222,5.216257030411043,7.7621636671227,6.813158261349693,4.92610919891411,8.646869120411043,8.475606629736196,7.82922776777914,7.051231627766871,7.832126092214724,9.963139895834356,8.607908929730062,6.950340434214724,6.4503258464171775,11.034098125398772,6.831041167693251,8.254923230411043,8.311644552325154,7.550734923773007,6.8086559782269935,6.454205242797546,7.8299189581104285,6.583665300950921,6.8393381261533746,9.978767048650306,6.900580947251534,8.8463884568773,6.334440163331289,7.218715053662577,7.219146214877301,6.1686248379815956,5.0396468059509205,7.147530134226994,6.371856104760736,4.844934756294478,5.570412253533743,7.511147633251534,6.576278032472393,8.15359207895092,6.47482205404908,6.738540279349693,7.651420958263804,7.45535185398773,6.086107546184049,8.46744897490184,7.141402673944785,8.87215292186503,5.650565429846625,3.519263731392638,6.6708498962576686,6.055317614147239,0
GSM2600223,4.8645634744233135,7.465620019705521,7.137843113699387,4.947929213920245,8.42889685992638,8.549078980944786,7.870965694447852,7.411164659116564,7.787790119595092,10.13695846891411,8.542140192558282,6.920798263607362,6.325334736006135,10.990349519263804,6.6495801127239265,8.069696193165644,8.720792413552147,7.235303763042945,6.31832687504908,6.283106262398774,8.211084392337423,6.994747328711656,7.151468794957056,10.031630693766871,6.755236183730061,8.227062959711656,6.719000939920245,6.89663489398773,6.897016013435583,6.512204361754601,5.172755138503068,7.633148301803682,6.298337213644172,5.030327948760736,5.500157124386503,7.744802113411043,6.234801014368098,8.258040054539878,6.3910655164662575,6.415535824484663,7.679909201466258,7.317018390282208,6.88159158386503,8.313794295478527,7.29847741408589,8.723708966662576,6.050040688122699,4.311220656484663,6.963973083957056,6.272900049969325,0
GSM2600224,4.844934756294478,7.657747749331288,7.124793247668711,5.145845396361963,8.569872188165645,8.299079082515338,7.981695386435582,7.339318534773007,7.83350048695092,10.047912881325152,8.690178497834355,7.109672885288344,5.8933976466564415,10.629198618404908,6.8253874219815955,8.06181755392638,8.63102807002454,7.301277124993865,6.644430861613498,6.475711704822086,7.965265146202453,6.894268346932515,7.187719542233129,10.609817772331288,6.338411512153375,7.929188160779142,6.651300617411043,7.584444761018405,7.585021678981595,6.267797534638037,5.277296982177914,7.414699457564417,6.424519622018405,5.198568889760736,5.346489322294478,7.838125347730061,6.480378267993865,8.060080439533742,6.446521263490798,6.616346841981595,7.907122459251534,7.5559764653128845,6.479103347380369,8.259964572932516,7.283948902914111,8.74589150570552,6.159458059196319,3.961057475233129,7.195571783196319,6.351021017644171,0
GSM2600225,4.868016376809816,7.8262416567055215,6.7618640229325155,5.1882580550920245,7.939478262134969,8.150856471484664,7.895434372858896,6.8016026714846625,7.40794523309816,10.221995964355829,8.365784074190184,6.722184612766871,5.106542738760736,10.207769638588957,6.766244006779141,7.976892340705522,8.6521574097546,7.02091567917178,6.639403925582822,6.59884588902454,8.171541383809815,6.951937045539878,6.662929085785277,10.594366712453988,6.6523698567730065,8.165057879533743,6.846820418435583,6.367434656638037,6.367747984889571,6.162592445828221,5.39459622495092,6.753738621220858,6.43475637501227,5.258373751447852,5.395972950361964,7.821692666656442,6.906846975552147,8.687524740411043,6.278206495116565,7.060288825521472,7.729985761846626,7.254779036257669,6.361209461306749,8.32741494492638,7.482509631650307,8.32645782203681,6.2145896497361965,3.909039883957055,6.972669149453988,6.088434395165644,0
GSM2600226,6.279953957392638,7.870272035214724,6.957144019687116,5.307208899693252,8.945342095116565,8.462582483067484,7.674486437429448,6.718256809067485,7.936351125073619,10.164932165619632,8.429922393631902,7.194679322417177,6.141601998245399,10.221995964355829,7.390416539460123,8.199757510858896,7.559390566484663,7.85364394897546,7.0761659048957055,6.802744396355828,8.625354674361963,6.4480817204355825,6.515156888809816,10.263105304355827,8.563580751871166,8.292932661159508,6.724804262846625,5.598442512067485,5.598877656668711,6.722531543779141,5.721004564300614,7.418272806484662,6.032267157355828,5.461359858815951,5.340173978736196,7.620329157404909,5.645761705484663,9.089089042779142,5.850297090484663,5.716285205490798,7.566694081116564,7.691405505116565,6.035752353177914,8.279670231361962,7.589539415122699,8.672246863,5.4759644308773,6.439767043717791,6.4670697361227,5.8688368951533745,1
GSM2600227,6.420899294570552,8.030115618595092,7.18685823909816,5.5980394701595095,9.316766985920246,8.75352790080368,7.627739248220859,7.434767371306749,8.56480343309816,10.37105588803681,8.389212019613497,7.28492612803681,6.705784792380367,10.634130797361964,7.479884461822086,8.403645123858896,7.718412983932516,7.924942346546012,7.005285846361963,6.435409330312884,8.220359152337425,6.8253874219815955,6.929862185662577,10.360855891165643,8.279670231361962,8.43900156690184,6.978214897429448,6.350055123944785,6.350384486079754,6.609941449122699,5.523600848202454,7.915778136116564,6.327322254067484,5.388430102748466,5.334562513331289,7.610985634447853,5.974308134595092,8.625354674361963,6.015186150226994,6.059396260429448,7.765731387570552,7.736114182631902,6.588062139361964,8.238057244834355,7.518644003957055,8.973631737024538,5.46251370992638,5.970851052619632,6.361851405104295,5.847575470374233,1
GSM2600228,6.510005497533743,8.03104307286503,7.387368915466258,5.887996970263804,9.41198692622086,8.744528648552148,7.59411010596319,7.481492101570551,8.628024210300614,10.375377795276073,8.389212019613497,7.439403658607362,6.435409330312884,10.56380260226994,7.395169534791411,8.251894059674846,8.078240021171778,8.111000562460124,6.9056968277239275,6.737220726251534,8.163058562484663,6.733573777325154,6.809019696815951,10.30965970834356,8.495321960533742,8.446460978742332,6.74656864001227,6.376499718742332,6.376794545190184,7.002478140484662,5.145845396361963,8.003299329325152,6.270762073411043,5.023698138564417,5.7497794938098155,7.626636320895706,5.732421698754601,8.542140192558282,5.856390634944785,5.884822973650307,7.866585381846626,7.832786439484663,6.550711490368099,8.375442116650307,7.440887142472393,9.223294110214724,5.155014801840491,5.973995427147239,6.611309207680982,5.994673311374233,1
GSM2600229,6.2359536973558285,8.135652318012271,7.277674748208589,5.885735461398773,8.691361397815951,8.646869120411043,7.952355895742331,6.99391084006135,7.874946337294478,10.506322735398774,8.231107740417178,7.1039877074294475,5.6172514630000006,10.268242793067484,7.377594708030675,8.27655335704908,7.616782930607362,7.483633486699387,7.031328672220858,6.3992337443680976,8.460348985257669,6.9306670269631905,6.898097934214724,10.194055607006137,8.270565976128834,8.289685430435583,7.125237947153374,6.220244794828221,6.220568079392638,7.207578750411043,5.81110426703681,7.789963999104295,6.03199902602454,5.650183748184049,5.33946103803681,7.686421775269938,6.095981962527607,9.010512903987731,5.634388247791411,6.35069414286503,7.802784274282208,7.961950982110429,6.96227023092638,8.642995121092024,7.779055704926381,8.552617969484663,5.667764431766871,5.4675320452515335,6.435409330312884,5.808328538496933,1
GSM2600230,6.299225906877301,7.626636320895706,6.812060686300614,5.3579439459263805,9.006834914711657,8.44426876998773,7.547755409803681,7.135630047472393,8.140367015766872,10.39395459803681,8.367835174558282,6.818930800674846,6.066870012202454,10.268242793067484,7.326335031153373,8.10675207882822,7.978577058901839,7.665497026944784,6.92858867415951,6.368374758417178,8.060080439533742,6.586698945288344,6.763668474748466,10.337116917423312,8.52862154804908,8.271547871748467,6.777356312662576,5.726550240392638,5.726870952349693,6.658666485153375,5.416518672214724,7.593600177128834,6.025449814312883,5.2596387923926375,5.218912090404908,7.501892075153374,6.071375810460123,8.952370125349693,6.072260225803681,6.223158588263804,7.5052722521656445,7.679319938644171,6.362736182276074,8.170679299760737,7.40794523309816,8.646869120411043,5.626940234214724,5.735215434613497,6.270198176282209,6.1435375461042945,1
GSM2600231,6.624578949,7.907122459251534,6.75484724104908,5.433217256607362,8.860744339478527,8.328648287398773,7.559390566484663,7.664112430699387,7.881033601245399,10.341540822392638,8.44315997407362,6.7834032153496935,5.891286809220859,10.398621946871163,7.245727138147239,8.1837627308773,8.148148973907976,7.671891851312884,6.814227548,6.5284995835766875,8.207438938453988,6.653820872245399,6.823913631828222,10.351257663128834,8.795284310319017,8.226117008509203,6.783758891104294,6.4539062303435575,6.454205242797546,6.56617534307362,5.763508815319018,7.309696768932515,5.810529834533742,5.607649693453988,5.133548397478528,7.304958062766871,5.777725668269939,9.456772888466258,5.960724960668712,5.854726768760736,7.405360979760736,7.558221942822087,5.700044268760736,8.113849203662577,7.490862750558282,8.39127176582822,5.365049884552147,6.066310777380368,6.5217391409815955,5.913756659159509,1
GSM2600232,6.368707763570551,7.635029516478528,7.304958062766871,5.575816691447853,9.205607435736196,8.381820506282208,7.689515687693251,7.1546289965337415,8.189395599331288,10.389498758773009,8.323330947546012,7.143996501987731,6.198511564343558,10.32919495380368,7.476119718944786,8.063556503257669,8.176275096932516,7.846937377570551,6.943314481331288,6.664288387865031,8.39014155403681,6.8393381261533746,6.845007622104294,10.743186450490796,8.699601150619632,8.085240320337423,7.013472497717792,5.764436008288344,5.764734454803682,6.939046507447852,5.445033093159509,7.927559325251535,6.076704858472393,5.240501577325153,5.334562513331289,7.778365665644172,5.931315238104294,9.22930492886503,6.111815435300613,6.0570432509079755,7.874112053343558,7.4326564145460114,6.016816897760736,8.055600422944785,7.565444247766871,8.875452571582821,5.397403147312883,6.0334366158773,6.735008411969324,6.124933023220859,1
GSM2600233,6.529789433331288,7.919651839723927,7.286334923226994,5.404024434914111,8.816601391601226,8.505504105079755,7.752296716693252,7.115896845386502,7.774770226386504,10.346183183067485,8.385992045920245,7.127097576398773,5.434425591687116,10.132074555325154,7.410622829374233,8.161100378337425,7.827804305214723,7.699195204368098,6.847545669865031,6.679123451404909,8.311644552325154,6.921547968662576,6.775873683392637,10.449685440552148,8.792130928490797,8.132785611325154,6.958401792846626,6.345686002116564,6.346009716239264,6.581683811478528,5.659210956018405,7.9692275792269935,6.098708980472392,5.523600848202454,4.938585750006135,7.469493740564418,5.810187528865031,9.240567404797543,5.857357974042944,5.902341708515338,7.73877188281595,7.579642067993865,6.3234979984417174,8.220359152337425,7.437413053061349,8.571060598668712,5.710924980202454,6.197924757147239,6.5178071316134965,6.019557436521472,1
GSM2600234,6.136919529141104,8.103966617711658,7.777644318,5.685691830601227,9.50631402818405,8.772549018981595,7.887791055300614,7.408471952797546,8.427771905846626,10.666423854723924,8.462582483067484,7.422104873846626,6.459532066895705,10.879489518773006,7.484143943496933,8.363724792582822,7.727376023987731,8.170679299760737,6.85991615785276,6.7969717182576685,8.516465107012271,7.142267518245399,6.999121168766871,10.319242471595093,8.411510988453987,8.436677997177915,6.878703430662577,5.531876924993865,5.532335037680982,6.660143877404908,5.5649936687055215,8.254923230411043,5.953261393865031,5.36965404013497,5.447474370374233,7.58027301904908,5.881540943705521,9.010512903987731,5.819572170760736,6.01432250091411,7.678687074239264,7.863021986932515,6.383426687760736,8.642995121092024,7.6713181325030675,8.96042806103681,5.5007240261226995,5.568209382595092,6.46212802195092,5.931781851269938,1
GSM2600235,6.575304020263803,8.212822642760736,7.54055066501227,5.4486833906687115,9.465784710208588,9.005040492453988,7.823865167730061,7.702610111662577,8.292932661159508,10.639839122883435,8.521387546325153,7.40294023411043,6.907563745153374,10.840780154969323,7.355833692656441,8.462582483067484,8.37318102586503,7.9754679471533745,6.952826280834355,6.586005413852761,8.278630974834355,7.127097576398773,7.554274104245399,10.66060352588957,8.830230766411043,8.41355408502454,7.043577413331287,5.556596500760736,5.556997843435583,6.880834679196318,5.563646697337424,7.943926873865031,6.018695884233129,5.407400173128835,5.95864909503681,7.670626419134969,6.1547391881288345,8.544301897398773,6.077611836263803,6.305579732736196,8.052991084539878,7.699840585895706,6.390120183871165,8.722039547398772,7.582655860656442,8.717888183417177,5.476456574460123,5.78174800803681,6.704697851116564,5.896618438355828,1
GSM2600236,7.874946337294478,8.75941631786503,9.768208746460123,7.185001669196319,8.420181316141104,8.786092201687117,8.547712150717791,7.769846379981595,8.194899634613497,10.934225712822084,8.896513363613497,7.881813372871166,6.118753873963191,10.14250718117178,8.040420292895705,8.19307882714724,6.973518699398773,7.888496685288344,7.633148301803682,6.337197039306749,8.117432009472392,7.752995573404907,7.733861951447853,8.562398866042944,9.84045270646626,8.980685555546012,8.135652318012271,5.53041648002454,5.530886685374233,7.360027288699387,6.085011943858896,9.11340761226994,5.779875130171779,6.102035769294479,6.02520547201227,8.132785611325154,5.822566912300614,9.04556585488957,6.6523698567730065,5.970588003159509,8.207438938453988,7.683873093858895,7.887791055300614,9.073957821374233,7.444173254907976,9.297763192760735,5.740952228846626,6.661603155392638,7.238982440901841,5.678086835484662,1
GSM2600237,6.1453445840552146,7.957932357460122,7.659569117153374,5.6659108739079755,9.22930492886503,9.006834914711657,8.09428330395092,7.314992750950921,8.217446077693252,10.56380260226994,8.275452738957055,7.321848365705521,6.787483481153375,11.004730279447854,7.127974878773006,8.552617969484663,7.9063266,8.039500496883436,6.730365363092025,6.497751422969325,8.169768326846626,6.7992708223926375,7.26061509495092,9.967461160723929,8.25897475669325,8.11195547619632,6.634250322834356,5.3594666538404905,5.360236914754601,6.928219712423313,5.676351613668711,8.092519682214723,6.397096253153374,5.563646697337424,5.752370446398773,7.636956924239264,5.9610225240490795,8.751997029539877,6.044828275453988,6.0911411249141105,7.907122459251534,7.903849269012269,6.404294100220859,8.941872839754602,7.632516543588958,8.888309637588957,5.464768745828221,4.6187370729631905,6.903072486141105,5.991634616202454,1
GSM2600238,6.603063434889571,8.614118721392638,7.719144464871165,6.653095545957055,9.054990103564416,9.240567404797543,8.245943147226994,8.427771905846626,8.340571029165645,10.69410601815951,8.567293012147239,7.708747133877301,6.851264239668712,10.72734073570552,7.5330570618220865,8.673460378447853,7.077888385042945,7.9063266,7.428307529269938,6.581683811478528,8.239900903631902,7.1909421103190185,7.230482697944786,10.221995964355829,8.615347908742333,8.917716501018404,6.769524060539877,5.1564888469202455,5.158148175914111,6.606182557349694,6.155594191122699,7.335877462607362,6.219348963779141,6.022949563638036,6.005388976343558,8.096972531055215,5.080279510288344,8.825801937503067,5.986745942036809,5.291417556325153,7.821692666656442,8.309513541515338,6.977379244208589,8.324458707693251,7.417703339306748,9.183143801558282,5.090095085404908,4.9067310510306745,7.677994518208589,5.544817840441718,1
GSM2600239,6.588062139361964,8.116473861834356,7.00030432892638,6.369634009871167,9.139697141509204,8.968755704533743,7.843122113036809,7.996941059165644,8.454463194736196,10.57946272,8.997984193239263,7.499264103981595,7.307786638539877,10.860382590613495,6.970185603263803,8.41575001820859,7.604257983723927,7.767718593650306,6.673710148920246,6.622106085631901,8.20379237802454,6.605495171361964,7.50361325596319,10.073146776496934,8.649552683748468,8.695309983576687,6.321981705932516,5.414704695914111,5.415308847564417,6.666604192889571,5.939775930650306,7.265441047196319,6.35815760002454,5.867650296325153,5.8043819892638036,7.740664961668712,5.014476590177914,8.699601150619632,6.04832431304908,5.130178546828221,7.387368915466258,7.863021986932515,6.344436791141105,7.852127268312884,7.366938314417178,9.32193231619632,4.771275697926381,5.848751874319018,7.23390192302454,5.833711307067484,1
GSM2600240,6.209153848509202,8.000218791957055,6.558487942245399,6.218359462496933,9.107961028435582,9.047450326141105,7.668713981858896,7.939478262134969,8.577072434546013,10.609817772331288,8.402555174466258,7.206143453533743,7.07019483906135,10.699081801963189,6.959576212730061,8.204765073208588,7.759263745116565,7.309696768932515,6.55475223795092,6.126597684496932,8.059260071570552,6.726013861061349,7.522422221472393,10.37105588803681,8.2477665847546,8.462582483067484,6.356001256435582,4.995165441503067,4.997580894680982,6.794311314773006,6.0249220294907975,7.174752720858896,6.398640422067484,5.757450319650307,5.466004208993866,7.45484247192638,5.371185575349694,8.518991932509202,6.301872526674847,5.469811766300613,7.1216477821042945,7.60236218407362,6.351339889920245,7.771344846748466,7.378591517343558,8.833405114325153,5.118442790773006,6.228713209503067,7.251402572478528,5.876534768343558,1
GSM2600241,6.029772660865031,7.843122113036809,6.909509765018405,6.200376641791411,9.070229881595091,8.707917661625766,7.753649070601226,7.589539415122699,8.098726357515337,10.737632543496932,8.543218888098158,7.254263882656442,6.527500426331288,10.559518044233128,7.258182222668712,8.32128972807362,7.5399417791227,7.759263745116565,6.612663684441718,6.875221583828221,8.358275606392638,6.636622075570552,7.0389252755153375,10.426121589325154,8.335340327521472,8.178318117558282,6.3809349154785275,5.0001530842576685,5.002622648331289,6.71967210291411,5.396724239220859,7.091418188779141,6.500374030319018,5.288620501582822,5.542171054226993,7.921148986668712,5.498619458245399,9.003254759687117,5.93154374106135,5.6659108739079755,7.365524409883435,7.549008433447852,6.059396260429448,7.794644543171779,7.54055066501227,9.01821903004908,5.048278256889571,5.900940761116565,7.28961614508589,6.186188682503067,1
GSM2600242,6.3453782920920245,8.024402889411043,7.724569544846625,6.444936583932516,9.205607435736196,9.090980852453988,7.751679145245399,8.126384913104296,8.246849605361964,10.926992146809816,8.71232676207362,7.614478406644173,7.06313355115951,11.064932550429448,6.76693444308589,8.53970748011043,7.777644318,7.861549010079754,6.263323083539878,6.25372876118405,8.264339788067485,6.835826389503068,7.983350573687117,10.064019752116565,8.261242704576688,8.08335753666871,6.215663949680982,5.764734454803682,5.765055656766871,6.898097934214724,6.06079418303681,7.638729579349694,6.527818595312884,5.6701507029754605,5.833711307067484,8.030115618595092,5.6734118135950915,9.424919143932517,5.814036764220859,5.908310978932515,7.339318534773007,7.964420957392638,6.589346020435583,7.966948859055214,7.507938191276074,9.21460137606135,5.647215509895706,5.839178370693252,7.626019517907976,6.160536462515338,1
GSM2600243,6.659744567914109,8.265276037233129,7.175214200920245,7.177864285871166,9.494527023423313,9.089089042779142,7.857603240791411,8.145147713932515,8.261242704576688,10.866569776993863,8.420181316141104,7.465023034496932,6.942908896214725,10.941576930245398,7.007777266932515,8.478026167331288,7.664112430699387,7.765731387570552,6.367747984889571,6.292766526883436,8.18276722466871,6.986980212165644,7.776113653343558,10.588948706932516,8.87695733831902,8.878464107220859,6.820919834570553,5.4753103841656445,5.4759644308773,6.726359405429448,5.893697998331288,7.051231627766871,6.390120183871165,6.121945129858895,5.892371738809816,7.936351125073619,5.0781167444294475,8.034463562104294,6.020464580067484,5.206353120423313,7.292544238582821,7.854452489656441,6.7159634733742335,8.250873447950921,7.512199941668712,8.756290226803682,4.882762594981595,5.450537365993865,7.520803607840491,5.765347330361963,1
GSM2600244,6.497112164687116,8.08804596185276,7.252774697484663,6.4317843096196325,9.806871746190184,9.170795633226994,7.7831970386625775,8.669635979276073,9.08510453585276,11.12862447368098,8.71232676207362,7.583883329024539,7.601144372220859,11.26965454595092,7.142709525815951,8.676288662337424,7.857603240791411,7.9378037650858895,6.72789539509816,6.077288077993865,8.103966617711658,6.816133981638036,7.650806776472392,10.12713957097546,8.302283360932515,8.526167442570552,6.524192358907975,5.3703891515950914,5.371185575349694,6.902689658588956,5.717030274073619,7.673140602398773,6.891832417895705,5.742601996944786,5.659957714196319,7.599288035343558,4.995165441503067,8.81336772704908,5.737827345098159,5.1626733050429445,7.328638501331288,7.821692666656442,6.784457079184048,7.848350113883435,7.433160350797546,9.364394134055214,4.953266276638037,5.385185210282208,7.701292359680982,5.623639120515338,1
GSM2600245,7.868112088460123,9.371921504423312,9.83287493738037,8.729791501429448,8.780008089779141,9.156778071595092,8.615347908742333,7.736744509447853,9.41198692622086,11.004730279447854,9.079669353441718,8.533510303736197,6.954414376503068,10.319242471595093,8.042255465453987,8.8463884568773,6.3027808423006135,8.360459783852761,7.994419593601227,6.161731243582822,8.485393720257669,7.938715697779141,8.706577351613497,9.479933020889572,9.74579581309816,9.528284825312884,7.836557476638037,5.661484015441718,5.661887061030675,7.432184592680982,6.759555377668712,8.74589150570552,5.828672582110429,6.5618733410858905,6.567796746558281,8.679224978343559,5.9977771146932515,9.851516774957055,6.141282390650307,6.166879844177914,8.852932060349694,8.682025392319018,8.206552865036809,8.686082120858895,7.6919812413619635,9.61343599331902,6.0342348021840495,5.920032670478528,7.721133745742331,5.646506002147239,1
GSM2600246,6.704356748570553,8.301304132496933,7.688182937251534,6.047455929938651,9.384813287018403,9.060726089325152,7.877841912128835,7.85364394897546,8.421253545638036,10.268242793067484,8.677819712521472,7.395765416625768,7.062704918368099,11.088211704355828,7.143549171061349,8.488810704662576,7.36211204603681,7.954669394472392,6.89663489398773,6.896251991404908,7.81222762023313,6.898097934214724,7.096629346993865,9.774421092656445,8.77680053098773,8.732893565294479,6.54711063608589,4.766681774331289,4.771275697926381,6.766600112325154,6.359038041012269,7.2765486329447855,6.414534395245399,6.1997924908527615,5.591115836907975,7.740664961668712,4.60229559704908,7.596956555251533,5.9526665997055215,4.80628410314724,7.393156367619633,7.9824887345153375,6.400147265895705,8.134818492871165,7.319486666773006,9.623446263,4.717707246092025,4.797097128257668,7.379684969441717,5.813190056429447,1
GSM2600247,6.584285982865031,8.382963957668712,7.225174770680982,6.001741469478528,9.515506999920246,9.267495825895706,7.69598638892638,8.188542992503068,8.677819712521472,10.530845125582823,8.976990752141104,7.456927106595093,7.311123114766871,11.19494410601227,7.012641251460123,8.531226772944784,7.6392960278282205,7.818751652748466,6.876068688319018,6.377438011404908,8.011875254453988,6.725626632263804,7.160332809429448,10.30025422638037,8.42349815211043,8.62272554106135,6.1573181374907975,5.325055871582822,5.3259649423619635,6.753738621220858,5.731403806404908,7.224234878503068,6.699081374907975,6.19668964785276,5.762825127294478,7.793932805392639,4.815990847490798,8.337384156723926,6.021544945656442,5.076249272441718,7.353811883171779,8.008377408337424,6.501490777515337,8.139492427466259,7.247610687000001,9.424919143932517,4.80628410314724,5.94913600198773,7.633148301803682,5.726870952349693,1
GSM2600248,6.781900741754601,8.263230704809816,7.332905522355829,5.9563656902453985,9.212063319773009,8.750644851883436,7.663514448546012,7.399274716601227,8.146303699202454,10.422115294969323,8.540914744288344,7.200250861110429,6.874528663570551,10.672053880797549,6.934780460527607,8.323330947546012,7.33539179717178,7.687548997607362,6.6987105760061345,6.141868840846626,8.068740060730061,6.6228376497300605,7.119354689018405,10.051577002944786,8.875452571582821,8.478026167331288,6.730724461122699,5.730139700687117,5.730467649128834,6.644782951361963,5.929776765950921,6.907948253650306,6.224571158558282,5.822897792233128,4.995165441503067,7.736744509447853,4.755768523226994,8.720792413552147,6.130308710539877,4.950679416938651,7.334861915282208,7.890110553521473,5.9977771146932515,7.896880470552147,7.266386860257669,8.91617527991411,4.681245291196319,5.403351577638037,7.089289293,5.570009702398773,1
GSM2600249,6.4021825656257665,8.004224289668711,6.963174939969325,6.055613933263803,9.058731908042946,8.71232676207362,7.518644003957055,7.533682485601227,8.318875458042946,10.61508002803681,8.831790053999999,7.208589083503068,6.847168402220859,10.926992146809816,7.18028836504908,8.208382341711657,7.728116616509203,7.837279263546012,6.573322942269939,6.787117905417178,8.290707320693251,6.598472772490798,7.380184183625767,10.375377795276073,8.43437663877914,8.19307882714724,6.14904303006135,5.274409376104295,5.27540118607362,6.860282249521473,5.8314024790613495,7.283382390441718,6.602291985300614,5.675258439061349,5.311619101478528,7.768322349447852,5.030327948760736,8.76816665792638,5.935301029484663,5.072287576312883,7.272692092312883,7.725340906957056,6.202850568306748,7.778365665644172,7.441460670558282,9.081416871766873,5.206353120423313,5.38174739701227,7.28961614508589,6.298621301257668,1
GSM2600250,6.183366822552147,8.456732796822086,8.123850908588958,5.912589262754602,9.66224472114724,9.465784710208588,8.743061234398773,9.515506999920246,8.81336772704908,11.136353579815951,9.424919143932517,8.497872731288345,8.158499005411043,11.689982764969326,7.291460803797546,8.894740345398773,8.065269186754602,8.620289738239265,7.176927270631903,6.254578854429448,8.1837627308773,7.131551481865031,8.253918135576686,9.288710218018403,7.878680179257669,8.943729865754602,6.591067871539877,5.431445118055215,5.432021012619632,7.318007107785276,5.666994951018405,8.25288738023313,6.398052146754602,5.6030427595398775,6.636242128736195,8.744528648552148,5.292414686680981,9.094717435687118,6.126009759730062,5.451094029834356,7.839544850521472,7.978577058901839,6.918232476595092,8.58337747139264,7.672512938503068,10.117940097380368,5.097812279276074,5.58357156214724,8.32741494492638,5.685079942386503,1
GSM2600251,6.365235824122699,8.361435990374233,7.389347718220859,6.162866233760736,9.197131542226996,8.97883524201227,8.453207277361964,7.469493740564418,8.303359051411043,11.19494410601227,8.82728056693865,7.871716169325154,7.267809928251533,11.20349392797546,7.110640937785276,8.641786125208588,8.040420292895705,7.794644543171779,7.013948899171779,6.1573181374907975,8.259964572932516,7.167868630748466,7.797763823049079,10.051577002944786,8.10848676591411,8.816601391601226,7.0143201688404915,3.961057475233129,4.008925292730061,6.369321713865031,5.354840746797546,7.77684049906135,6.390760073944785,5.123473376165644,5.871552748355828,8.412646391723927,4.687892134220859,8.906260978644172,5.871846141815951,4.94471255998773,7.691405505116565,7.633148301803682,6.749950673680981,8.588646196644172,7.710804706907975,9.41433720755828,4.426181415343558,5.88627051501227,8.210131994282207,5.3858763615276075,1
GSM2600252,5.921543251490797,8.472105840619632,7.750303572453988,5.821025345822085,9.371921504423312,9.087236599036808,8.648132231251534,7.709433378042944,8.536124993877301,11.144666538711656,9.282558731226992,7.880263879141104,7.353340181625766,11.30539819595092,7.291014125202454,8.653264298760735,8.084377096957056,8.32977772782822,7.072373531754602,6.120480413644172,8.456732796822086,7.320517741723926,7.748241404926381,9.855554730570551,8.365784074190184,8.65708679382822,6.492479521846626,4.477764597754601,4.4890973100552145,6.228713209503067,5.801214074503068,7.766954557705521,6.366539747030675,5.695532987067485,5.885735461398773,8.632596234276074,4.9033399079202455,8.818193406478528,5.844959686570553,5.0001530842576685,8.04903000813497,7.938715697779141,7.216008274895705,8.580643324202454,7.832126092214724,9.67273479115951,4.393957872411043,6.218055771269939,8.102352055386502,5.354058591116565,1
GSM2600253,6.237356216840491,8.62272554106135,7.0222198582515345,5.133548397478528,9.107961028435582,8.957204665484664,8.449855299190185,6.957144019687116,8.424702721300614,10.78761674042945,9.329477216496931,7.971665797085889,7.499264103981595,11.352938452085889,7.221869124907976,8.581986382423313,7.926718818588957,8.459016006190184,7.379106523509203,6.319891450398773,8.112878945079755,6.721085249877301,7.566694081116564,9.732251221128834,7.904706789619632,8.821102657374233,6.416505950466258,5.251664814840491,5.2529643719631895,6.498109775822086,5.400866044257668,7.583883329024539,6.043068470730062,5.235814685257669,6.08642240418405,8.249815026638037,4.782705124159508,7.867335612662576,6.35232105107362,5.00957569293865,7.966120150325152,7.766954557705521,6.422767892791411,8.335340327521472,7.459106849834356,9.84045270646626,4.661990495521473,5.774963193098159,7.858400802128834,5.2638075871411045,1
GSM2600254,5.973995427147239,8.628024210300614,7.205171162067485,5.223965218398773,8.78907725198773,8.931602815190184,8.346585812343557,7.213613570901841,8.007446930361963,10.97607107417178,8.680504440631902,7.601806512576687,7.328638501331288,11.211622677484662,7.1404482691226985,8.4475810367546,7.844663881306748,7.912732886907976,7.218231749018405,6.038939932306748,8.250873447950921,6.732871275797546,7.554821352895705,9.939154661791411,8.148148973907976,8.44426876998773,7.058980470963189,6.257890439932516,6.258171495269939,6.6719006821227,5.566750599134969,7.423656480625767,6.06160416293865,5.3783578386871165,5.904861860429448,8.245943147226994,5.150634121435583,9.066269345920244,6.095676525374233,5.435616339546012,7.868813213564416,7.716427062858896,6.731464480595092,8.39014155403681,7.720519124484663,9.218628559871163,4.740258196294478,6.004239270429448,7.618003117294479,5.208812811693251,1
GSM2600255,6.280231138006135,8.14419434982822,7.30873443209816,5.778948197355828,8.884907802754602,8.57589508096319,8.168879551233129,7.083190376907975,8.110209473404907,10.891742914723926,8.96042806103681,7.76289885206135,6.929418446386503,11.113455075214723,7.161223122815952,8.266304516558282,8.154659669858896,7.955423949226995,7.049036796098159,6.316629117815951,8.118357721337423,7.096186664546012,7.62829380496319,9.556042661503067,8.176275096932516,8.46744897490184,7.056876591576687,4.700426373331289,4.706191969472393,6.876068688319018,5.222691021717791,7.550734923773007,6.179705486638037,5.099695421331289,5.920032670478528,8.43437663877914,5.002622648331289,8.878464107220859,6.085838091276074,5.108320583760736,7.561768482306749,7.577180682546013,6.722936710165643,8.194899634613497,7.47497113697546,9.515506999920246,4.820197181411043,5.774963193098159,7.470023886938651,5.492406647067485,1
GSM2600256,5.9754205346871165,8.370843283361964,7.064556935404908,5.584373311374232,8.388107424226995,8.702586473509204,8.297116989619632,6.584285982865031,7.98606879022086,10.96929357239264,8.677819712521472,7.504084908276074,6.741891380693252,11.136353579815951,6.982125793509202,8.419125282907975,7.838889334496932,7.646592005938651,6.957144019687116,6.112367379680982,8.396818788938651,7.164321713055215,7.764950956306748,9.675955759294478,7.890909601815952,8.455648622466258,6.758425093368098,5.291417556325153,5.292414686680981,7.015124257546012,5.6318125873006135,7.026793798312884,6.192577985846626,5.483707257184049,5.589119561723926,8.009319849398773,5.2011210251472395,8.87695733831902,6.096539120865031,5.429000895797546,7.836557476638037,7.681883707423313,6.523113019079755,8.09158886693865,7.703974421515338,9.11937011480368,5.286368318858895,5.147301863355828,7.542765025423313,5.351767603503067,1
GSM2600257,5.928658943901841,8.324458707693251,7.059369535325153,5.023698138564417,8.111000562460124,8.523874023975461,8.310567657239265,6.805317459576687,7.770663612656441,10.609817772331288,8.676288662337424,7.400343688453987,6.262365297312884,10.743186450490796,7.206143453533743,8.131941987006135,7.328638501331288,7.713468869024539,7.124282884257668,6.634571383122699,8.301304132496933,6.643740609453988,7.278184635165644,9.774421092656445,8.022808216177914,8.103966617711658,6.973886363957055,5.5502132608466255,5.550673547840491,6.775501549582823,5.351767603503067,7.133934455245398,6.002280878828221,5.126908056785276,5.5779936935828225,8.032807633361962,5.208812811693251,9.86710791513497,6.101523597809816,5.398791254742331,7.487351532687117,7.810680144429448,6.120480413644172,8.421253545638036,7.577180682546013,8.98750555184049,5.060368429411042,6.095123084877301,7.1594178356196325,5.216257030411043,1
GSM2600258,6.195542097404908,8.661408389417177,8.350896635453989,6.257290849429448,9.203219736312883,9.16696626385276,8.769599867190184,7.887070886981595,8.692612419276074,11.344827430981594,9.03270595819632,8.050687059957054,7.50361325596319,11.56849779822086,7.491425683687116,8.686082120858895,7.881813372871166,8.302283360932515,7.413140150809816,6.200876711883436,8.524994078883436,7.662213281429448,8.042255465453987,9.637694163282209,7.911965883073619,8.707917661625766,7.0183603948404905,5.035428947809816,5.03749825490184,7.310190388484663,5.6532118540429455,8.380669078822086,6.213199436441718,5.496062276263804,5.972866186435582,8.710941247558281,5.184351222441718,9.479933020889572,5.655064379429448,5.367404275969325,8.171541383809815,7.946946423901841,7.233426678552147,8.734326141361963,7.755636374779141,9.50631402818405,4.932132245871165,5.589507611042945,7.995271641748467,5.451094029834356,1
GSM2600259,6.359038041012269,8.406027724760735,7.723853299214724,5.840139273638037,9.170795633226994,8.96530446802454,8.452107928141105,7.612781865006135,8.698316575576687,11.12862447368098,8.941872839754602,7.952355895742331,7.686421775269938,11.53958014613497,7.517495983546012,8.507904352484662,8.003299329325152,8.39342546595092,7.138814327196319,6.328944575509203,8.359302334601226,7.079647194552147,7.8695298159141105,9.251755091748468,7.865888590319019,8.766758935435583,6.991424565239264,4.7610657890368095,4.766681774331289,6.924989622159509,5.139725300104294,8.10675207882822,6.3152186763312885,5.072287576312883,5.849385370858895,8.430967926018406,4.929177281631902,9.02368322090184,5.811658770447853,5.109960693809816,7.973275011239264,7.699195204368098,6.691231443484663,8.28563519898773,7.629535308981595,9.607164737785276,4.661990495521473,5.452323781276074,7.725340906957056,4.8645634744233135,1
GSM2600260,6.158114068938651,8.676288662337424,7.848350113883435,5.8593870345705525,9.174507631165644,9.197131542226996,8.55519236886503,7.7621636671227,8.674883705214723,11.152013405521473,9.021742791668713,7.996066909141104,7.737406262018405,11.392532073006135,7.349408450766871,8.611718668085889,7.459106849834356,8.264339788067485,7.346791392300614,6.380300965932515,8.457944568736195,7.293522999693252,8.298091258233129,9.494527023423313,7.736744509447853,8.717888183417177,7.133506685435583,4.634149662447853,4.641556759141104,7.327252078748466,5.488626616993865,8.119281428349694,6.179129883251534,5.46251370992638,5.6249287400184045,8.522675043423313,5.357142861877301,9.476996836533743,6.010990878214724,5.564543423343558,8.156693170742331,8.107684774453988,7.002885972,8.654586809306748,7.722474269067485,9.37936510329448,4.43981422797546,5.496062276263804,8.054764559558281,5.052348740171779,1
GSM2600261,6.245324800693251,8.457944568736195,9.216564165030675,6.499995052552148,10.28176515196319,9.297763192760735,8.606675531699386,9.034469292944786,9.102255639938653,11.286495867607362,9.072050033429448,8.187560934656442,7.84907614709816,11.914184476687115,7.401907974711656,8.902880512374233,8.580643324202454,8.433303562687117,7.098902432883436,6.262675449141104,8.496493912625766,7.930026703411043,8.82271509831902,9.74247252397546,7.946195159944786,8.722039547398772,7.176459949871165,3.909039883957055,3.961057475233129,7.229549047177915,5.223965218398773,9.703479721773007,6.393930854914111,5.08421607308589,6.253159154656442,8.73124535031902,4.5750655902638035,8.337384156723926,6.318627541650306,4.782705124159508,8.719367692601226,8.199757510858896,7.861549010079754,9.280319123104295,7.754965371073619,9.558992733251534,5.019064292269938,4.856929310969325,8.379509147527607,6.326438218092025,1
GSM2600262,6.251418465288343,8.262240886374233,8.958803596521472,6.361209461306749,9.558992733251534,8.856376115312884,8.385992045920245,8.246849605361964,8.248880610607362,10.804189130245398,8.883066100570552,7.870272035214724,6.920078340478527,11.261936703006134,7.246242019564418,8.473196303527606,8.170679299760737,8.030115618595092,7.249037084018404,6.486821261300613,8.523874023975461,7.610410236717791,8.78907725198773,9.851516774957055,8.04551854595092,8.355205234165645,7.195571783196319,4.145658969969325,4.175562084515337,7.523636761981595,5.2638075871411045,9.09842710115951,6.12256015292638,5.048278256889571,5.881540943705521,8.419125282907975,4.293020221165644,8.298091258233129,6.332323275987731,4.500652557251534,8.521387546325153,8.376556022527607,7.242609344987731,8.819547754361963,7.757119281331288,9.278029501079754,4.538876172368099,5.919142534417178,7.901482506846627,6.227843622380369,1
GSM2600263,6.33135469825767,8.18570556096319,7.878680179257669,5.561041706822086,9.367320396190184,8.919732512631901,8.141392395533742,7.8592455290061345,8.333084869570552,10.83415537392638,8.854649227092025,7.567328842809816,6.88159158386503,11.286495867607362,6.859534274730061,8.32645782203681,8.520196728595092,7.64293301904908,6.73322797706135,6.66947095693865,8.149954892030674,7.252774697484663,8.429922393631902,10.077583403208587,7.956150949662576,8.06779528908589,6.433143502122699,4.687892134220859,4.694126931239263,7.0742210945766875,5.365794242306748,8.510325532380367,6.231438034392638,5.254078840319018,5.69861968113497,7.85364394897546,4.745490954607362,7.844663881306748,6.05593834206135,4.950679416938651,8.264339788067485,8.217446077693252,6.798094174018405,8.699601150619632,7.692598277932515,9.143533762453988,4.80628410314724,5.086316024791412,7.900701742110429,5.925674223815951,1
GSM2600264,6.581683811478528,8.427771905846626,8.25596829097546,6.311293921723927,9.349209131006134,9.012350968613497,8.19579133213497,8.204765073208588,8.324458707693251,11.057418511042943,8.819547754361963,7.8592455290061345,6.680682125122699,11.4407721902454,7.061466929079755,8.642995121092024,8.19391877688957,7.956150949662576,6.921168723312884,6.480378267993865,8.775489941484663,7.504682955208589,8.505504105079755,9.943268102184048,8.04551854595092,8.42349815211043,6.96652876888957,5.385185210282208,5.3858763615276075,7.056876591576687,5.094048706018405,8.875452571582821,6.302158711858895,4.958845285668711,5.750759821815951,8.056551219392638,4.393957872411043,8.4744403186319,6.054459366306748,4.681245291196319,8.302283360932515,7.799277905564417,7.220900415000001,8.913013482699387,7.950045553484662,9.11937011480368,4.776726361834356,5.969473752429447,7.8403061466441715,6.425439395478528,1
GSM2600265,6.896251991404908,8.46744897490184,8.310567657239265,6.707661945245398,9.571267652374232,9.193335468742331,8.388107424226995,8.503009291,8.542140192558282,11.049546435398772,8.81336772704908,8.011875254453988,7.589539415122699,11.315400123680982,7.1546289965337415,8.747498408865031,8.163058562484663,8.320075171484662,7.248065769331289,6.171183369527608,8.472105840619632,7.558767722245399,9.089089042779142,9.735660209699386,8.122149285202454,8.726798964423313,7.342737310165644,5.379731538134969,5.3804221484171775,7.134340118564418,5.088270877748466,8.989148317944785,6.494199132773007,4.94471255998773,6.163439369699386,8.293830896036809,4.466707639717791,8.673460378447853,6.20792395682822,4.655436057,8.349863497711656,8.041419366797546,7.468384687711656,8.958803596521472,7.820926196251534,9.185180096785276,4.426181415343558,5.121754599687117,7.873323408907975,6.317799296478527,1
GSM2600266,6.790887989723926,7.820926196251534,8.240892159852761,6.203752049165644,9.280319123104295,8.81336772704908,8.050687059957054,8.235155797067485,8.421253545638036,10.872532089570552,8.709429879337423,7.585554548226994,7.0742210945766875,11.295032243128835,7.095778405564417,8.241933145607362,8.320075171484662,7.803533598717792,7.015124257546012,6.911079438128834,8.744528648552148,7.324873647687116,8.616706371141104,10.13695846891411,8.191184101055216,7.832786439484663,6.8847942854907975,3.909039883957055,3.961057475233129,6.860665935073619,5.276353701092025,8.857941068932515,6.361209461306749,4.917270546564417,5.519262842533743,8.289685430435583,4.229295596128835,8.552617969484663,5.993866814674846,4.500652557251534,8.507904352484662,7.73877188281595,6.849762954496933,8.384993802742331,7.947706320576687,8.997984193239263,4.271894700288343,6.379025922208589,7.990819850092024,6.803108425883436,1
GSM2600267,6.515156888809816,8.222132878245398,8.000876275742332,5.813190056429447,9.700085284472392,9.150506298533742,7.949218700036809,8.48156914398773,8.479163657699386,11.04224102570552,8.926638176650307,7.727376023987731,7.355302081871165,11.627403848404908,7.123823931368098,8.750644851883436,8.503009291,8.18276722466871,6.8016026714846625,6.237356216840491,8.588646196644172,7.339318534773007,8.784514249042946,9.610337635226994,7.795280854190184,8.513976331957055,6.882375973674847,5.111655387877301,5.11331840808589,7.1137654261717795,5.379075020705521,8.77680053098773,6.107064159711657,5.291417556325153,5.995225686558282,8.037950824797546,4.7345681645030675,8.06092917281595,6.340230726834355,4.886608371644172,8.318875458042946,8.046404259245397,7.344738478656442,9.008576377018404,7.920378236521472,9.176709249294476,4.655436057,5.755816157613497,8.005876160638037,6.119050565582822,1
GSM2600268,6.393930854914111,8.64552310879141,8.994435615196318,6.589999162453988,9.749826773736196,9.135985790907975,8.628024210300614,8.81336772704908,8.460348985257669,11.057418511042943,9.242658271576689,7.985112927030675,7.446320624472392,11.530297674601227,7.395169534791411,8.692612419276074,8.37318102586503,8.202915995957056,7.089289293,6.466771141521473,8.51155510807362,7.769129253693251,8.716255342687116,9.690367107779142,8.142381521576686,8.747498408865031,7.115896845386502,4.655436057,4.661990495521473,7.290081609165644,5.528438247723926,9.314282708711657,6.174931878693251,5.309857385435583,6.010105657128834,8.523874023975461,4.4890973100552145,8.478026167331288,6.249406649662577,4.706191969472393,8.98750555184049,8.035276887588957,7.811426010067484,9.216564165030675,7.820926196251534,9.316766985920246,4.510684256006135,5.4759644308773,8.457944568736195,6.503169411748466,1
GSM2600269,6.609941449122699,8.531226772944784,8.599916667638038,6.256101577030675,9.788869647092024,9.137743624650309,8.232112316141103,8.592555809644173,8.61912737819632,11.080806734355829,9.419420087104294,8.085240320337423,7.560585772153374,11.700962531042943,7.120288485312884,8.76096772702454,8.692612419276074,8.355205234165645,6.955948486993865,6.4317843096196325,8.342653366184049,7.617353208834356,8.569872188165645,9.86710791513497,8.301304132496933,8.648132231251534,6.54227406908589,3.909039883957055,3.961057475233129,7.019184540564416,5.019064292269938,9.08510453585276,6.231438034392638,4.740258196294478,6.119311085067484,8.103966617711658,4.410761752834356,7.925827794398773,6.382509144515337,4.5750655902638035,8.457944568736195,7.996941059165644,7.076560565177915,9.178673662134967,7.740664961668712,9.58087839223313,4.393957872411043,5.684414544533743,8.300292176625767,6.2737907128895705,1
GSM2600270,6.477416198190185,8.069696193165644,8.078240021171778,5.8971726654969325,9.435144104312885,8.893056311742331,8.017739740214724,8.30838253984049,8.351898136993865,10.710080594846628,8.999639160171778,7.601806512576687,6.835826389503068,11.228909099079754,7.084977682828222,8.37318102586503,8.523874023975461,7.962752451858896,6.895049591392638,6.522425343846625,8.336394811128834,7.451593707042944,8.520196728595092,10.180045540116565,8.233122135981596,8.39342546595092,6.752903018705522,4.520424271092025,4.529616119484663,6.761445262085889,5.311619101478528,8.786092201687117,6.325889649601227,5.108320583760736,5.838280121736196,7.956150949662576,4.393957872411043,8.129994803779141,6.177083815619632,4.60229559704908,8.239900903631902,7.737406262018405,6.682072256852761,8.929987923650307,7.757763218239265,9.107961028435582,4.7610657890368095,6.296865750619633,7.974766425202453,6.658345274582822,1
GSM2600271,6.495533418294479,9.143533762453988,9.768208746460123,8.116473861834356,9.421982583809816,9.813791529533743,8.957204665484664,9.297763192760735,9.127287592472394,11.627403848404908,9.584588367349692,8.74906242438037,7.875733605484664,11.50251433006135,7.736114182631902,9.25610909177914,6.905292052785276,8.14904167396319,7.6073844314417185,6.408938943656441,8.860744339478527,8.999639160171778,9.902369539460125,6.81969755214724,8.7624760911227,9.468697633717792,8.515299893423313,6.008216367981595,6.008444042177914,8.422366876957057,6.221779901153375,10.25462879588957,6.190226699319018,6.123753842141104,6.898914856803681,8.818193406478528,6.37999196095092,10.031630693766871,6.435763779576687,6.5198245256441725,9.288710218018403,8.44426876998773,8.49213109885276,9.855554730570551,8.589911510570552,9.597447529920244,6.275610355969325,5.71734619203681,8.862437697533743,6.04394591211043,1
GSM2600272,5.784911321926381,7.795280854190184,7.416723477042945,6.4375697193496935,9.060726089325152,8.408138558177914,7.81222762023313,7.8299189581104285,8.361435990374233,11.026428123006134,8.488810704662576,7.149680283325154,6.201452680674847,10.983228374539877,7.080597060723927,8.28563519898773,8.51155510807362,7.854452489656441,6.703601501938651,6.3466256425460115,8.504230923429448,6.744771267877301,8.314778196343559,9.623446263,8.301304132496933,8.435502076380368,6.518786110883435,4.86070591795092,4.8645634744233135,6.7488938098527615,6.262365297312884,7.426816382858895,6.238779182576687,6.1755089633435585,5.341799707539877,7.649566909478527,4.964700247282209,8.355205234165645,5.983667634245399,5.178558792319018,7.463912109515338,7.860716343674847,6.454525199717791,8.14419434982822,7.754365176380368,9.03270595819632,5.094048706018405,5.159597906503068,6.670503636871166,5.826233331803681,1
GSM2600273,6.422171740496933,8.03362682309816,6.975788364214725,6.07004884298773,8.830230766411043,8.142381521576686,7.620973729993865,7.325359362220859,7.48682317293865,10.672053880797549,8.792130928490797,7.001152009852761,6.082795475662577,10.704596706932517,7.035923491404908,8.118357721337423,8.933234555588957,7.846937377570551,6.77367581492638,6.50907469086503,8.190242073055215,6.414856068435583,7.422104873846626,9.483093781601228,8.559939232134969,8.42889685992638,6.658345274582822,5.152008888503067,5.1534596080306745,6.660898812423313,5.925367905766872,6.906056363840491,6.138098716325153,6.112908057638037,5.34947673796319,7.562450784411042,4.700426373331289,7.669990226693251,6.535180565361963,4.840769431190184,7.346791392300614,7.724569544846625,6.210024436760736,7.973275011239264,7.314499109141105,9.027061765588956,4.80628410314724,5.248390687797547,6.922680314576686,5.825030785386503,1
GSM2600274,5.954083615883436,7.779764523337423,6.47482205404908,6.029224565337423,8.436677997177915,8.19307882714724,7.555393669638037,7.358953623484663,7.658938780503067,10.731965932208588,8.36680355708589,6.73322797706135,5.840139273638037,10.472993856687117,6.892650124208589,7.882565527374233,8.997984193239263,7.589539415122699,6.5903375665337425,6.446802991613497,8.330992404325153,6.434116607067486,7.846937377570551,9.700085284472392,8.184789217773007,8.19877357091411,6.735008411969324,5.561931963208589,5.56235108497546,6.742235529417178,5.825352136858895,6.510939004674847,6.277020630797546,5.975717531705522,5.238122843325153,7.495641665325153,5.256191830190184,8.488810704662576,6.434448803619633,5.444414745343558,7.492454709141104,7.609125356895706,6.347561773245398,7.7115277619325155,7.585021678981595,8.515299893423313,4.852954578417178,5.11331840808589,6.6962221828773005,6.095676525374233,1
GSM2600275,6.377725633625767,7.8623379179570545,6.900580947251534,6.18428945490184,8.359302334601226,8.1837627308773,7.638162265883435,7.406393101797546,7.769846379981595,10.822891345644171,8.625354674361963,6.858054754723926,6.21774303604908,10.49208298153374,7.056876591576687,8.027646224969326,8.93818753397546,7.57416683604908,6.643740609453988,6.103249252245399,8.365784074190184,6.332949592153374,7.954669394472392,9.408965608822086,8.49099495802454,8.187560934656442,6.625945163822086,5.877351964355829,5.87765865696319,6.7403334478098165,6.335965038613497,7.099780070533742,6.261453943079754,5.852406686576687,5.367404275969325,7.427391821159509,4.900070591300614,8.035276887588957,6.298337213644172,5.236808113460123,7.366465540797547,7.622255919306749,6.219074274030675,7.606149875042945,7.520803607840491,8.821102657374233,5.229121159993865,5.251664814840491,6.793928546325152,6.106191628159509,1
GSM2600276,6.210616777085889,7.381193755828221,6.639084120582822,5.98422625598773,8.562398866042944,8.396818788938651,7.413140150809816,7.787790119595092,7.844663881306748,11.144666538711656,8.459016006190184,6.950340434214724,5.695220175171779,10.810630003006136,6.700796601785275,8.039500496883436,8.880030249435583,7.418835201662577,6.2511216983435585,6.4787586254662575,8.233122135981596,6.787117905417178,8.355205234165645,9.494527023423313,8.021054172932516,8.10155430520859,6.300477998883435,5.764436008288344,5.764734454803682,6.815751557006134,5.877932439840491,6.850881565134969,6.413023214386503,6.053111742496933,5.3259649423619635,7.327252078748466,5.531876924993865,8.96701218115951,6.063968312613497,5.691041624644171,6.868159724294479,7.328638501331288,6.2359536973558285,8.080811943380368,7.754365176380368,8.601412142411043,5.34947673796319,4.9067310510306745,7.064035226208589,5.8648542555705525,1
GSM2600277,6.169485714858896,7.887070886981595,6.809851917981595,5.566291843509203,7.942382586527607,7.729985761846626,7.626636320895706,6.903504555527608,7.275202147202453,10.884677610429447,8.475606629736196,6.454525199717791,4.984447330208589,10.217656559631902,6.968974212503067,7.820926196251534,8.505504105079755,7.311123114766871,6.7378586839263805,6.29774892077914,8.332089947503068,6.579985430190185,7.082805967331288,9.851516774957055,8.649552683748468,8.071450950466257,6.899760873208589,5.888586891128835,5.8888787841349695,6.1992072920184045,5.371905214257668,6.58298325992638,6.3010881767055205,5.865141581760736,5.152008888503067,7.447897885981596,5.070355863368098,8.37318102586503,6.2773355895828225,5.256191830190184,6.988648426128834,7.48094415198773,6.092174843128834,7.76066267697546,7.517495983546012,8.237141355595092,4.890248993656442,5.068513508907976,6.910268936466258,5.899814331828221,1
GSM2600278,5.8882468949447855,7.986830128380368,6.737540170932515,6.167994176398773,7.494557144000001,7.81222762023313,7.890110553521473,6.80007108503681,7.00159475093865,10.61969187570552,8.085996174220858,6.43475637501227,4.997580894680982,9.902369539460125,6.9943277098773,7.820926196251534,8.220359152337425,7.160829136171779,6.960311154570552,6.648780851245398,8.522675043423313,6.749235243797545,7.194679322417177,10.055701794576688,8.778408452349694,7.681265417441717,7.231494022441717,5.802458665521472,5.8027710433190185,6.211797389558282,5.654693057797546,6.3152186763312885,6.1363297442147235,5.552582738110429,4.929177281631902,7.523636761981595,5.357142861877301,8.963708356969324,6.031166565736196,5.5183079459018405,7.232961301496932,7.669351921834355,6.170613836343558,7.970866083018405,7.754965371073619,8.302283360932515,5.191088795490797,5.4296432258282215,6.643740609453988,5.715201548159508,1
GSM2600279,6.028065959208589,7.866585381846626,6.440754974901841,5.903816229969325,7.881033601245399,7.988481477754601,7.662213281429448,7.019634161239264,7.553062542085889,10.594366712453988,8.544301897398773,6.628692769392638,5.174183727748466,10.250713335030676,6.963618293343558,8.073063794435583,8.44876376681595,7.369964600092025,6.640148085797547,6.2944127673496935,8.242992434368098,6.342178509453988,7.617353208834356,9.66224472114724,8.433303562687117,8.082440266380368,6.842387962478527,5.270262420404908,5.271400460196319,6.105603341006135,5.601363214171779,5.9986020331656436,6.062786806539878,5.558906286496932,5.428387405447853,7.316530257319019,5.0646902307914115,8.281552260668711,6.410825666055215,5.308068352349693,7.094394898815951,7.881813372871166,6.188178403576687,8.10155430520859,7.490247341576688,8.113849203662577,4.958845285668711,5.528009560631902,6.269305104736196,5.671217979582822,1
GSM2600280,6.170889498644171,7.782430240104294,6.644075970177915,6.068619953453988,7.44739080317178,7.940240863,7.417703339306748,6.910674891564416,7.40294023411043,10.948282874478528,8.278630974834355,6.514857275404908,5.11331840808589,10.49208298153374,7.007777266932515,7.9063266,8.301304132496933,7.43689048398773,6.728648147306749,6.787117905417178,8.471008337177913,6.362464440687116,7.429947727705522,9.806871746190184,8.57837123104908,8.189395599331288,6.805317459576687,6.166879844177914,6.167152746404908,6.268097626006135,5.820494958417179,6.757299896564416,5.907724071668711,5.826836916288343,5.658820808736197,7.549008433447852,5.347191221650307,8.955634475883436,6.186188682503067,5.529887125214724,7.019184540564416,7.556544656404908,6.312817815331289,7.558221942822087,7.740664961668712,7.955423949226995,5.086316024791412,4.655436057,6.721836557625767,6.408337201674847,1
GSM2600281,5.630706129165644,7.311603392944785,6.581683811478528,5.908569835184049,8.382963957668712,7.847575305539877,7.746129385736197,7.21411302996319,7.777644318,10.860382590613495,8.350896635453989,6.7784894502454,5.4046574929631905,10.76851793803681,6.980589477349692,7.924942346546012,8.51780513776687,7.506336546914111,6.617724806920245,6.6383797038773,8.571060598668712,6.255560550460123,8.109259118380368,9.97454007614724,8.290707320693251,7.73877188281595,6.616346841981595,5.4001755146319015,5.400866044257668,6.81125308392638,6.052498757042945,6.857375620411044,6.206164801558282,5.8301661903190185,5.430885831343558,7.772587494717792,5.433217256607362,9.083218080638035,6.223158588263804,5.636342796809816,7.324340439288343,7.716427062858896,6.223754738871166,7.76066267697546,7.863713475920246,8.593846758785276,5.223965218398773,5.395972950361964,6.506838919036809,6.158391521392638,1
GSM2600282,5.922121747766871,7.493452829214724,6.549412891730062,5.853272161226994,8.131941987006135,7.6713181325030675,7.363629275865031,7.253763215110429,7.637566503226994,10.891742914723926,8.662900432478528,6.509700700417178,5.436145037656441,10.748767235582822,7.000714077527607,7.749675004895705,8.725381802423314,7.483633486699387,6.712436168693252,6.741891380693252,8.30838253984049,6.418993480797546,7.861549010079754,9.500234175251531,8.281552260668711,7.911035673987731,6.4021825656257665,5.363375244570552,5.364177377079755,6.58901350597546,5.94856279992638,6.789416368214725,6.373404717202455,5.9977771146932515,5.306260131723926,7.333878311907975,5.256191830190184,8.256947695601227,6.15416636197546,5.297957252987731,7.135630047472393,7.559390566484663,6.247627721588957,7.681265417441717,7.522422221472393,8.580643324202454,5.2793018265276075,5.00957569293865,6.876445082110429,6.146175295546012,1
GSM2600283,5.683418552276074,7.874112053343558,6.215663949680982,5.715929666797546,8.44111113804908,8.228004230742332,7.35478077079141,6.8067535212453985,7.781050685147239,10.66060352588957,8.408138558177914,6.74656864001227,5.675957075214724,10.43494076404908,6.732871275797546,8.052195296263804,8.973631737024538,7.13737868397546,6.643401573300614,6.331051608423313,8.197814487588957,6.402461180300612,7.640544719104295,9.61343599331902,8.27655335704908,7.972398692766872,6.771804071349693,5.508404506822085,5.5088978536134965,6.43475637501227,6.039196503601227,6.164025799779141,6.075936306588957,5.959811227386503,5.3703891515950914,7.434767371306749,5.023698138564417,8.053862639638037,6.3809349154785275,5.206353120423313,7.509000659730061,7.714842651877301,6.082795475662577,8.318875458042946,7.514781905895705,8.751997029539877,4.8645634744233135,4.771275697926381,7.0250989013190175,5.483145038791411,1
GSM2600284,5.882398257631902,7.970866083018405,8.150856471484664,6.53692545296319,9.168943668177914,8.86858398109816,7.924246154779141,7.212646924478528,8.264339788067485,10.748767235582822,8.819547754361963,7.300815093779141,6.8012232787300615,11.18542403613497,6.825024654699386,8.34366358034356,8.32645782203681,7.797763823049079,6.401894705564417,6.674779536717791,8.577072434546013,7.045197280331288,6.961147464883436,9.943268102184048,7.1909421103190185,7.838125347730061,5.393251484638037,5.605494939564417,5.605881260110429,6.717097506361964,5.36965404013497,7.681265417441717,6.515863923852761,5.250663345159509,5.726550240392638,7.397696973453988,5.202439825220859,8.884907802754602,6.09680547698773,5.387068843202454,7.9515937678282205,7.557675855834356,6.884052695742331,8.289685430435583,7.972398692766872,8.8463884568773,4.935118596098159,5.422008287251534,7.025496613067484,6.935937534558282,1
GSM2600285,6.125469063085889,8.283575102214725,8.404910850828221,6.228979421779141,9.154598729251534,8.996163107411043,8.08804596185276,7.042274338110429,8.222132878245398,10.682828187300611,8.71232676207362,7.333878311907975,6.878703430662577,10.990349519263804,6.945389612503067,8.493220014055215,8.251894059674846,7.773282331858895,6.7569505058343555,6.368045369147239,8.469826578128833,7.405904449349693,6.995107181828221,9.79976946542945,7.565444247766871,8.21935087793865,6.4290508624233125,4.360265438374233,4.377551359717792,6.812806609907976,5.245123087883435,7.746129385736197,6.32409146784049,5.192406713079754,5.9622271465705525,7.616214739705522,4.706191969472393,8.610284895447853,6.321337053650307,4.896743226785276,8.077455863441717,7.934030500490798,7.301277124993865,8.638031463723927,7.838125347730061,8.80116765701227,5.106542738760736,4.913244583552148,7.088025602441718,6.533881643276073,1
GSM2600286,6.393930854914111,8.55519236886503,8.873724505705521,5.979204879717791,9.238116255374234,9.174507631165644,8.446460978742332,7.920378236521472,8.494264359564417,11.064932550429448,8.819547754361963,7.649566909478527,6.664288387865031,11.12862447368098,7.479884461822086,8.929987923650307,8.10848676591411,8.012771433263804,7.255269661257668,5.958046239122699,8.184789217773007,7.583883329024539,7.998550692613496,9.326843514668711,8.888309637588957,8.810252546957056,7.152337050533742,4.641556759141104,4.648997699429448,6.795433667085889,6.067798446006135,8.691361397815951,6.097917912944785,5.972866186435582,6.184832074343558,8.400273879226994,4.453137543472392,8.51155510807362,6.014857648644171,4.626316693515337,8.324458707693251,7.83350048695092,8.071450950466257,9.100378881503069,7.27164829609816,9.56809579601227,4.782705124159508,5.737515852276074,7.216845022570553,5.555623950656441,1
GSM2600287,5.6573207294969325,8.016996307092024,8.109259118380368,5.818036751803681,9.275710865190185,9.195304338773006,7.8623379179570545,6.976956803883436,8.233122135981596,10.854052594907976,8.830230766411043,7.399274716601227,6.495533418294479,11.18542403613497,6.646140207822086,8.432118761423313,8.427771905846626,7.759263745116565,6.646492787141105,6.432781652877301,8.289685430435583,7.1863935778773005,6.943314481331288,9.875151214619631,6.765522295214724,8.334145817055214,6.0657192039386505,5.536599973417178,5.537066958490798,6.608862203269939,5.174183727748466,7.587780675386504,6.353491293644171,4.932132245871165,5.813190056429447,7.615046245165644,4.935118596098159,8.42349815211043,5.832562838208589,5.090095085404908,7.748928943404908,7.626019517907976,6.873086959509203,8.579581661607362,7.936351125073619,8.891656436650306,4.7345681645030675,5.816781467723927,7.123386628828221,6.636242128736195,1
GSM2600288,6.24263688197546,8.456732796822086,7.974026280337424,7.333374834944785,9.626651037104294,9.238116255374234,8.11195547619632,7.843122113036809,8.626600051527609,11.113455075214723,8.943729865754602,7.825456692619633,7.079209456546012,11.4750613697546,7.080597060723927,8.74906242438037,8.18570556096319,8.072251470993866,6.834310750067485,6.454525199717791,8.679224978343559,7.1404482691226985,8.309513541515338,9.41433720755828,6.977379244208589,8.81336772704908,6.580322585662577,3.422899282619632,3.519263731392638,7.264946479257669,5.11331840808589,8.262240886374233,6.240806336104295,4.956121038104294,6.144767776423313,7.746129385736197,4.3453756483067485,8.705274957411044,6.000607500515337,4.529616119484663,7.980206501349694,7.776113653343558,7.4326564145460114,8.75352790080368,8.150856471484664,9.312197315276071,5.0396468059509205,5.5012511991226996,7.34736988582822,7.037950074184049,1
GSM2600289,7.477813338515337,9.297763192760735,9.679559842380367,8.994435615196318,9.133832240184049,9.89825403129448,9.163161537288342,8.971730851852762,9.37692236559509,11.315400123680982,9.26969344403681,8.592555809644173,6.825744132546013,10.82857865631902,7.897542225944785,8.902880512374233,6.466446636638036,8.336394811128834,7.77547769395092,6.20792395682822,8.65708679382822,8.400273879226994,9.600558960374231,8.771081403674847,7.847575305539877,9.525544782785277,8.505504105079755,4.94471255998773,4.947929213920245,8.653264298760735,5.809231227331288,9.131865439576687,6.097917912944785,5.735554863092025,7.016763595730061,8.495321960533742,5.95116966095092,9.316766985920246,6.142416971883436,6.1686248379815956,9.189095809736196,8.921175413429447,9.051494882085889,9.75332762730675,8.298091258233129,9.384813287018403,5.793847944558283,5.435616339546012,8.015340721846625,5.730139700687117,1
GSM2600290,6.372172240803681,8.653264298760735,7.686421775269938,6.721836557625767,9.246956254276071,9.36194910803681,8.10155430520859,7.142267518245399,8.344663997478527,10.337116917423312,8.898155189429447,7.572279782631901,6.680265168889571,11.026428123006134,7.264946479257669,8.404910850828221,7.785214193423313,7.885391786662577,6.7992708223926375,6.483550675208589,8.42349815211043,7.147962381220858,7.924246154779141,9.356955831564417,7.209024466619632,8.633951518533744,6.4686949039509205,5.115099725656441,5.116855079760736,6.880834679196318,5.258373751447852,7.616214739705522,6.482567490809816,5.056288642233128,5.671577694570552,7.731212439404908,4.706191969472393,7.809248890343558,6.24967404707362,5.0646902307914115,8.09158886693865,8.107684774453988,6.752167188263804,8.57360077281595,7.771926490177914,9.096668437208589,4.848738223361964,5.398791254742331,7.478333726779141,6.477416198190185,1
GSM2600291,6.121945129858895,8.58337747139264,7.484143943496933,6.647154152214725,8.936503149251534,9.336663533349691,7.887070886981595,7.172124506687117,8.221179732355829,10.540664508588955,9.094717435687118,7.566024032306748,6.822806058134969,11.12862447368098,7.100253256386503,8.515299893423313,7.947706320576687,7.753649070601226,6.775196142398773,6.609941449122699,8.402555174466258,6.969809543785276,7.738081728153374,9.390047594711657,7.0130258328773,8.674883705214723,6.144767776423313,4.890248993656442,4.893319102644171,6.8875474101595096,5.61994383102454,7.079647194552147,6.069219659705522,5.486392719276073,6.069489529613497,7.428886212208589,4.453137543472392,8.632596234276074,6.319603760325154,4.723752700674846,7.787790119595092,7.957932357460122,6.858054754723926,8.49099495802454,7.8262416567055215,8.990950297349693,4.5750655902638035,5.8667793165644175,7.233426678552147,6.1499625565582825,1
GSM2600292,6.076459759429448,8.297116989619632,7.655689423969324,6.909885487723926,9.50631402818405,9.193335468742331,7.960291423386503,7.564848742975459,8.128242890079754,10.77428174392638,8.66688903025767,7.513767242055215,6.701770498177915,11.169513596932514,7.126653445711656,8.683271723226994,7.6073844314417185,7.770663612656441,6.792394935282209,6.4539062303435575,8.662900432478528,7.605559498938651,7.84907614709816,9.637694163282209,7.1382914390797545,8.73124535031902,6.228121171312884,4.878857419006135,4.882762594981595,6.87757557590184,5.181334956625767,7.50997238102454,6.306754355650306,5.099695421331289,5.85667960390184,7.795909063773006,4.547460346484662,8.534722239466259,6.18937748691411,4.86070591795092,7.857603240791411,7.77684049906135,7.213105341570552,8.4475810367546,8.030115618595092,8.735940024981595,4.453137543472392,5.924219880128835,7.2224042577730065,6.55163620188957,1
GSM2600293,6.034820288055215,8.137442647834357,8.18570556096319,7.0305743221901835,9.371921504423312,8.945342095116565,8.052195296263804,7.349915545588956,8.713574589822086,10.737632543496932,8.862437697533743,7.460125229791411,6.877972293527608,10.926992146809816,7.339318534773007,8.426739917527607,8.173368206613496,7.956150949662576,6.90230567303681,6.850167922969325,8.641786125208588,7.439403658607362,7.843122113036809,9.954616155104295,7.360562395993865,8.384993802742331,6.420303182386504,4.694126931239263,4.700426373331289,7.427391821159509,4.856929310969325,7.980206501349694,6.413624953834356,4.792564015693252,5.75113655102454,7.948590079509202,4.229295596128835,8.973631737024538,6.20117910302454,4.565029269521472,8.270565976128834,8.006616875730062,7.232961301496932,8.146303699202454,7.909371748558281,9.127287592472394,4.529616119484663,5.966418871171779,7.32336962196319,6.951937045539878,1
GSM2600294,5.947126375981595,8.105802158453988,7.25912035277914,6.219937014981595,8.723708966662576,8.602672626797546,7.865060706828221,6.7488938098527615,7.780455988754602,10.385116927668712,8.606675531699386,7.1466884907116555,6.415535824484663,10.583923484785275,7.023419957478528,8.258040054539878,8.120143009472391,7.614478406644173,6.687378151147239,6.648780851245398,8.400273879226994,6.966070362386503,6.758425093368098,9.963139895834356,7.305484189963191,8.279670231361962,6.398640422067484,3.850767125233129,3.909039883957055,6.742944810607361,5.023698138564417,7.080155164042945,6.299839618006135,4.565029269521472,5.856390634944785,7.45535185398773,4.113454975828221,8.83990169919632,6.5425763968588955,4.3453756483067485,7.579050090478528,7.29202599504908,6.194944963957055,8.109259118380368,7.77684049906135,8.819547754361963,4.500652557251534,5.871259801306748,6.708034829785276,6.588347658380369,1
GSM2600295,6.039196503601227,8.380669078822086,8.546353290411043,6.877187762736196,9.392701403380368,9.271484318319018,8.25288738023313,7.489674384184049,8.49099495802454,11.121469725460123,8.744528648552148,7.639914583128835,6.8907489866380365,11.169513596932514,7.240710061723925,8.78281761928221,7.821692666656442,8.01019865897546,6.847168402220859,6.6751201664171775,8.778408452349694,7.670626419134969,7.785214193423313,9.48575227582822,6.9777943802208595,8.592555809644173,6.525507498398772,4.08251527084049,4.113454975828221,7.242609344987731,4.9894827110552145,8.098726357515337,6.277904992877301,4.970356746521473,5.818320496791411,7.888496685288344,4.293020221165644,8.941872839754602,6.376499718742332,4.520424271092025,8.18276722466871,7.988481477754601,7.588370294963191,8.73867029417178,8.127344324306748,8.989148317944785,4.410761752834356,5.128660421079755,7.3422844438159505,6.385257449104294,1
GSM2600296,6.515156888809816,8.488810704662576,8.486558531619632,5.666994951018405,9.963139895834356,9.437664548687115,8.243832272883436,8.479163657699386,8.692612419276074,11.344827430981594,8.825801937503067,8.098726357515337,7.536613693024539,11.627403848404908,7.227150052447852,9.223294110214724,8.137442647834357,8.335340327521472,7.123823931368098,6.574350642276073,8.158499005411043,7.400343688453987,8.079035394809816,9.9947511047546,8.4475810367546,8.976990752141104,6.738911347226994,4.520424271092025,4.529616119484663,6.853496883552147,5.830788587300614,8.830230766411043,6.059688264055215,5.464768745828221,6.384635968030675,8.56480343309816,4.145658969969325,8.93818753397546,5.687361600245398,4.377551359717792,8.170679299760737,7.964420957392638,8.239900903631902,9.577739599423314,7.4013858494049085,9.679559842380367,3.961057475233129,5.7400065407668714,6.780374586969325,6.066310777380368,1
GSM2600297,5.668856991650307,7.924246154779141,8.520196728595092,6.148515850822086,9.271484318319018,8.921175413429447,7.958703539300614,7.201076782558283,8.636815107503068,10.50134320030675,8.87215292186503,7.4013858494049085,6.478126824251533,10.983228374539877,6.869417835797546,8.160316275288343,8.43900156690184,7.852127268312884,6.449000418349693,6.5591464260061345,8.478026167331288,7.1559324743374235,7.264946479257669,9.647915328306748,6.684599655699387,7.809248890343558,5.857943816042945,5.393251484638037,5.3939141676993865,7.0688427017177915,5.290441148423313,8.089845891404908,6.609229680055214,5.097812279276074,5.828975135552147,7.691405505116565,5.269290704588957,8.220359152337425,5.997515363233129,5.513222920503067,8.050687059957054,7.789262975263804,6.985397209717791,8.165909899478528,7.79854151901227,8.740017209846627,5.004987432435582,5.572658374233129,6.986980212165644,7.005285846361963,1
GSM2600298,6.529789433331288,8.316876711662577,7.581499605656441,5.191088795490797,9.525544782785277,9.209946874214724,7.880263879141104,7.763625892613496,8.32645782203681,10.748767235582822,8.672246863,7.677994518208589,7.033864519631902,11.295032243128835,7.175994803883436,8.831790053999999,8.32128972807362,8.111000562460124,6.955190434386503,6.571272273687117,7.863021986932515,7.15545391020859,7.18028836504908,10.160157370601228,8.536124993877301,8.71232676207362,6.719000939920245,3.850767125233129,3.909039883957055,6.669781658202454,5.658070224049079,8.13389292614724,6.00708145915951,5.715583875312883,6.270198176282209,8.278630974834355,4.271894700288343,8.289685430435583,5.77959954802454,4.43981422797546,7.729985761846626,7.585554548226994,7.361635811687116,9.064239288276074,7.235303763042945,9.419420087104294,4.410761752834356,6.053366309564417,6.892243604693252,5.98422625598773,1
GSM2600299,6.20792395682822,8.406027724760735,7.946195159944786,4.4890973100552145,9.421982583809816,9.12545136071779,7.9063266,7.372452540380368,7.80576406496319,10.37105588803681,8.83990169919632,7.403451204552147,6.653095545957055,11.295032243128835,7.092709385803681,8.950811861423313,7.874112053343558,7.980936883539877,7.221372169092025,6.599838525159509,7.942382586527607,7.164718674079754,6.92379315691411,9.902369539460125,8.74161564191411,8.886515460730061,6.460163776748466,4.113454975828221,4.145658969969325,6.057315456325154,5.34947673796319,7.618003117294479,5.890060311257669,5.607176999368098,6.147938037398773,7.851306767699386,4.008925292730061,8.57589508096319,6.107648617736197,4.377551359717792,7.972398692766872,8.078240021171778,7.1886325621717795,9.205607435736196,7.162093274582823,9.476996836533743,4.08251527084049,6.2344778276503074,6.657653141361964,5.623219376601227,1
GSM2600300,6.9167803290061345,8.551411313361964,8.273477438165644,5.753385804760736,9.982589800693251,9.620232641993864,8.213708224036811,8.037950824797546,8.867193565098159,11.334592724355828,9.129415648822086,8.021918267484661,7.685800184380368,11.898590271840492,7.297060000447853,9.275710865190185,8.112878945079755,8.504230923429448,6.892243604693252,5.942061039441717,8.20569936211043,7.454402116656442,8.42349815211043,9.95078848193865,8.543218888098158,9.117453539944783,6.7083653081717785,3.3444528488650307,3.422899282619632,6.851653804263804,5.584807033595093,8.75941631786503,6.116157240993865,5.841871026245399,6.83668235001227,8.41575001820859,4.250629443907975,8.497872731288345,6.168305205239264,4.520424271092025,8.294909815411042,8.177269916822086,8.367835174558282,9.584588367349692,7.50361325596319,9.679559842380367,4.466707639717791,6.1666116657361965,6.612348376588958,6.169485714858896,1
GSM2600301,6.298947848858896,8.40145516408589,7.87650678104908,5.353242699282209,9.218628559871163,9.27363688007362,8.20379237802454,8.84965058114724,8.232112316141103,10.715509353251534,8.735940024981595,7.457460572380368,6.856236034288344,11.41298271582822,7.07829217293865,8.833405114325153,8.015340721846625,7.974766425202453,6.826086729263804,6.033716476644172,8.140367015766872,7.368446095380368,7.9355259078957054,10.014970617447853,8.851310473895705,8.691361397815951,6.6119830088098155,3.909039883957055,3.961057475233129,6.731014522662577,5.550673547840491,8.294909815411042,6.077611836263803,5.685691830601227,6.081954710527607,7.992600682754602,3.519263731392638,8.80420415103681,6.056456596441718,4.0448562929386505,7.972398692766872,7.780455988754602,7.461187616834356,9.102255639938653,7.256212698963189,9.28697831293865,3.605503371840491,5.622845617815951,7.035067310208589,5.98992111492638,1
GSM2600302,6.477052819220859,8.054764559558281,7.629535308981595,5.030327948760736,9.205607435736196,8.878464107220859,7.786472157184049,7.369427511558282,7.996066909141104,10.398621946871163,8.700980034251534,7.463397703380368,6.552658209269938,10.990349519263804,6.941715761122699,8.664293006693251,8.278630974834355,7.815703046067485,6.882746821159508,6.238779182576687,8.141392395533742,7.041818023533742,7.77684049906135,9.86710791513497,8.805564789214722,8.288655400319017,6.679123451404909,3.1340062698711657,3.2439775186748467,6.358434550981595,5.657690858098159,8.02523618288957,6.201452680674847,5.3939141676993865,5.852674681331289,7.854452489656441,3.691243350404908,8.484078684883436,5.847858463509203,4.3453756483067485,7.841030847092025,7.675152204987731,6.935937534558282,8.856376115312884,7.287323859331288,9.419420087104294,4.377551359717792,5.62078745818405,6.8442530467668705,5.937244028699387,1
GSM2600303,6.45515943788957,8.559939232134969,8.171541383809815,5.315061807055215,9.406323770404908,9.109789204932516,8.240892159852761,8.092519682214723,8.301304132496933,10.487289611411043,8.878464107220859,7.918953528306749,6.83668235001227,11.50251433006135,7.2765486329447855,8.896513363613497,8.069696193165644,7.965265146202453,7.250493077202454,6.462433324975461,8.246849605361964,7.378040719343558,7.324340439288343,9.89825403129448,8.780008089779141,8.661408389417177,6.739998597214725,5.123473376165644,5.125301577441718,6.21398519513497,6.209153848509202,8.258040054539878,6.063666396214724,5.7911416500736195,6.170613836343558,8.377591451368097,3.909039883957055,8.894740345398773,6.029772660865031,4.145658969969325,8.430967926018406,7.830652910190184,7.411164659116564,9.14714719202454,7.466150357472392,9.50965197429448,4.008925292730061,5.76985301006135,7.099780070533742,6.116157240993865,1
GSM2600304,6.012156919478527,8.249815026638037,7.184107005822085,4.844934756294478,8.713574589822086,8.577072434546013,7.701292359680982,7.221869124907976,7.673140602398773,10.389498758773009,8.625354674361963,7.299887517975459,6.418055983098159,11.19494410601227,6.694381045546012,8.336394811128834,8.371904587447853,7.692598277932515,6.565496805773005,6.117009945613496,8.161100378337425,6.652716993208588,7.247137758552147,9.451196754325151,8.556366297239263,8.495321960533742,6.52042382892638,3.519263731392638,3.605503371840491,6.206746572969325,5.777725668269939,7.117234970153374,5.89294157601227,5.450537365993865,5.786116776920245,7.45484247192638,4.520424271092025,8.76096772702454,6.102035769294479,4.801669912392638,7.704719094306748,7.570599823386504,6.495533418294479,8.614118721392638,7.28444326803681,8.802740549773006,4.229295596128835,5.3981681000613495,6.677279610509202,5.606298641,1
GSM2600305,6.628692769392638,8.48036646069325,7.249037084018404,5.5502132608466255,8.811867047662577,9.16696626385276,8.199757510858896,7.8403061466441715,7.946195159944786,10.379955157914113,8.545284534337423,7.465620019705521,6.476052926177914,10.956005198957056,6.968191022668712,8.596271741576688,8.334145817055214,7.638729579349694,7.028860331147239,5.892658671981595,8.370843283361964,6.966942608042944,7.871716169325154,10.245759589263804,8.735940024981595,8.605286373067484,7.237193011325153,3.3444528488650307,3.422899282619632,6.836242123331289,5.878487137552147,7.390938710773007,6.170613836343558,5.755172712809816,6.19132249607362,8.211084392337423,4.565029269521472,8.695309983576687,5.855027232625767,4.80628410314724,7.928436591687116,7.908676111932516,7.551858046110429,8.902880512374233,7.529980326018405,8.934967174128834,4.896743226785276,5.4970976636012265,6.98656810302454,5.740952228846626,1
GSM2600306,6.357872583650307,8.126384913104296,6.895828931171779,5.247380240871165,9.174507631165644,8.982176322834356,7.6412087671349695,7.673140602398773,8.165057879533743,10.496792272883434,8.884907802754602,7.660223504957056,6.789040751644172,11.246707488588957,7.148772399429447,8.57226677993865,8.325458450380369,7.7293912135153375,6.955190434386503,6.376794545190184,8.161100378337425,6.813514422355828,7.793932805392639,10.175420680380368,8.382963957668712,8.61286155425767,6.677279610509202,4.43981422797546,4.453137543472392,6.681730824920246,6.249406649662577,7.783832767263803,6.242028662595092,6.061882181331288,5.86737039514724,7.944664404564418,4.008925292730061,9.036224719177914,6.0425055019141105,4.426181415343558,7.874112053343558,7.521840168042944,6.833079370496932,8.64552310879141,7.464450642472393,9.2448117188773,4.201443895521472,5.6172514630000006,6.8045950106319015,6.3316900411227,1
GSM2600307,7.032245119404909,7.82922776777914,6.907188943018405,4.975992705006135,7.9515937678282205,7.946195159944786,7.576551317588957,6.858461063141104,7.345703177558281,10.449685440552148,8.288655400319017,6.626894190392638,5.181334956625767,9.97454007614724,6.6751201664171775,7.571188924411043,8.202915995957056,6.917884241380368,6.413624953834356,6.599496806785275,8.96701218115951,6.88362877103681,7.055996882349692,9.81022071198773,8.772549018981595,7.561768482306749,6.375851864521472,4.890248993656442,4.893319102644171,6.298017058239263,5.254078840319018,7.060288825521472,6.412662753619633,5.0329513047116565,4.706191969472393,7.723141860337423,5.191088795490797,9.102255639938653,5.598877656668711,5.365049884552147,7.214540642177915,7.269692925478528,6.365235824122699,7.974766425202453,8.299079082515338,8.089845891404908,4.745490954607362,5.575816691447853,6.85424303908589,6.140363855116564,1
GSM2600308,6.776249025460123,7.731998098687116,7.425212527319018,5.16704587996319,9.077771116453988,8.24487257406135,7.732678671,7.683873093858895,8.360459783852761,10.496792272883434,8.682025392319018,6.955948486993865,6.365551261196319,10.604674087055216,7.008190084539876,8.139492427466259,8.624068516386503,7.541133169944786,6.4938897707116565,6.265112477294479,8.55758629603681,7.2224042577730065,6.994747328711656,9.354436846429447,8.769599867190184,7.912732886907976,6.393268333128835,4.723752700674846,4.7296291911472395,7.089289293,5.1033678321165645,7.887791055300614,6.389239754730061,5.099695421331289,5.443159924349693,8.150856471484664,5.197339240773006,8.388107424226995,5.683418552276074,5.324129025834356,7.716427062858896,7.593044795386502,6.854669103484663,8.036118714558283,7.955423949226995,8.780008089779141,5.232566281920246,5.238122843325153,7.103110044141104,6.372800701957056,1
GSM2600309,7.027646575638037,7.874946337294478,7.169691327865031,5.0001530842576685,8.98577969114724,7.943926873865031,7.603549468085889,6.822034348987731,8.362497178736197,10.62434906981595,8.740017209846627,7.00030432892638,6.437906070190184,10.44468385208589,6.876790830717792,7.693884240165644,8.060080439533742,7.25912035277914,6.567796746558281,6.719980085601227,8.682025392319018,6.903504555527608,7.054716997871165,9.607164737785276,8.836582059030675,7.971665797085889,6.228979421779141,6.151106284325153,6.15138731797546,6.500793686730061,5.133548397478528,7.730615889950921,6.178568240294478,5.002622648331289,5.682361308588956,7.996066909141104,5.517773707355828,8.66834670895092,5.958046239122699,5.662206734343559,7.283948902914111,7.664745085846626,6.767271654147239,8.109259118380368,7.974026280337424,8.279670231361962,5.174183727748466,6.058484345300613,6.722531543779141,6.1522490393987725,1
GSM2600310,6.690836971619632,7.7115277619325155,7.694596662435584,5.469248396730062,9.451196754325151,8.747498408865031,7.754365176380368,7.804323188055214,8.729791501429448,10.941576930245398,8.39342546595092,7.177375304233128,6.987805733631902,10.96929357239264,7.089760993932516,8.237141355595092,8.452107928141105,7.702610111662577,6.830358971846626,6.4375697193496935,8.933234555588957,7.199764277674846,7.442526351245399,9.331993336846626,8.690178497834355,8.39127176582822,6.612348376588958,5.297957252987731,5.299077845944786,6.742610765674846,4.7610657890368095,8.016996307092024,6.361851405104295,4.500652557251534,5.597219459674847,8.092519682214723,5.329369203190184,9.020038318582822,5.584373311374232,5.473143222312883,7.334861915282208,7.764292699558282,7.042685212693252,7.957932357460122,8.291714856024539,8.702586473509204,4.970356746521473,5.986745942036809,7.094394898815951,6.017106645785276,1
GSM2600311,6.873472444644171,7.827804305214723,7.617353208834356,5.379075020705521,9.432621666907975,8.611718668085889,7.502388892914111,7.746129385736197,8.693886213723927,10.804189130245398,8.824364057496933,7.149195997073619,7.05642486619632,11.04224102570552,7.1302051331717795,8.270565976128834,8.280596943429448,7.628827794079754,6.549102815914111,6.288511825552146,8.76816665792638,7.32336962196319,8.002489592638037,9.038112546674846,8.716255342687116,8.192109575754602,6.056456596441718,4.958845285668711,4.96188006503681,6.695145946226994,5.360236914754601,7.936351125073619,6.359038041012269,5.243963944656442,5.833409849883435,8.228004230742332,5.208812811693251,8.381820506282208,6.04832431304908,5.3479393022638035,7.729985761846626,7.924246154779141,7.216845022570553,8.145147713932515,8.156693170742331,8.914414197901841,5.2139685407546015,5.1534596080306745,6.880834679196318,5.8762166916932514,1
GSM2600312,6.853496883552147,7.76289885206135,6.812060686300614,5.016783133460122,8.120143009472391,8.072251470993866,7.721724275386504,6.935577123840491,7.494557144000001,10.650683850920244,8.320075171484662,6.569191006496932,5.477597547190184,9.943268102184048,6.968974212503067,7.857603240791411,7.972398692766872,7.022603614680982,6.622456367079754,6.383696316944785,8.958803596521472,7.150516142932515,6.694762894055215,9.999052222797546,8.994435615196318,7.890909601815952,6.537600207570552,5.5293854861227,5.529887125214724,6.3152186763312885,5.052348740171779,7.320517741723926,6.219641707496932,4.920330563239263,5.2969933362883435,7.952355895742331,5.299077845944786,9.44831422580368,5.788951090460122,5.493997474263804,7.306371487785276,7.614478406644173,6.55305729298773,7.819386324797547,8.28563519898773,8.117432009472392,5.118442790773006,6.172966950582822,6.798460147797546,6.132865864282208,1
GSM2600313,6.803108425883436,7.934748473269939,7.657039060687117,5.708560950288343,8.996163107411043,8.274482787748466,7.622841210717791,7.491425683687116,8.191184101055216,10.61969187570552,8.792130928490797,7.008997992006134,6.105603341006135,10.69410601815951,7.32775034713497,8.241933145607362,8.213708224036811,7.626636320895706,6.636948114914111,6.659744567914109,8.716255342687116,7.36211204603681,7.1145674196503075,9.354436846429447,9.06825788391411,8.095130498601227,6.445244486098161,5.487533944957056,5.488102497791411,6.55163620188957,5.104885385687116,7.9063266,6.203452596987731,4.917270546564417,5.427811649288344,8.120143009472391,4.801669912392638,8.641786125208588,5.985083384509203,4.981794290276073,7.723141860337423,7.893824327453988,6.872221900202454,8.023694908644172,8.069696193165644,8.744528648552148,4.661990495521473,6.198223285785277,7.0761659048957055,5.895717356435583,1
GSM2600314,6.300477998883435,7.959553840325153,7.510558578319019,5.454079089110429,9.16517007407362,8.614118721392638,7.810680144429448,7.410622829374233,8.71497175401227,10.926992146809816,8.625354674361963,7.163384068349693,6.823198725411042,10.956005198957056,7.370486827766871,8.242992434368098,8.112878945079755,7.846172261282209,6.840894614423313,6.624578949,8.996163107411043,7.464450642472393,7.352877105920245,9.150506298533742,8.740017209846627,8.394673862349693,6.19410504591411,5.95355745593865,5.953810574699387,6.449626958478528,5.3328104750490795,7.907122459251534,6.076459759429448,4.984447330208589,5.7998654982883435,8.042255465453987,5.108320583760736,8.597453386858897,6.017106645785276,5.288620501582822,7.402409719165645,8.375442116650307,7.171629895141105,8.049852213576687,8.306322009693252,8.75775600898773,4.96188006503681,5.8745373774171785,6.923024149226993,5.954083615883436,1
GSM2600315,7.220034793447852,8.719367692601226,9.565067200374234,7.143996501987731,9.246956254276071,9.454206692202456,8.80712716801227,8.662900432478528,9.534104852398771,11.484698372453988,8.857941068932515,8.427771905846626,6.435096119343559,10.666423854723924,7.867335612662576,8.48036646069325,6.880393369453988,7.434767371306749,7.201076782558283,6.3396400157668715,8.816601391601226,8.75775600898773,8.61286155425767,7.564848742975459,9.37936510329448,9.349209131006134,7.567328842809816,6.111261480202454,6.111568491865031,8.137442647834357,5.661887061030675,9.37692236559509,5.822897792233128,5.600124683319018,6.628692769392638,8.999639160171778,6.302158711858895,9.967461160723929,6.30921201513497,6.488150655300613,7.733237939233129,8.599916667638038,8.453207277361964,9.054990103564416,8.507904352484662,9.161190182539878,6.3690011090552145,5.582282407404908,7.00159475093865,5.9716637811042945,1
GSM2600316,6.7710249575521475,7.956150949662576,7.429417733509203,5.150634121435583,9.251755091748468,8.429922393631902,7.980206501349694,7.320517741723926,8.214686043711657,10.57946272,8.593846758785276,7.006909513018405,6.557839641165644,10.672053880797549,7.34736988582822,8.059260071570552,8.022808216177914,7.710167859472393,6.9547862551963195,6.5591464260061345,8.650818741325153,7.374473181871165,7.181939821411043,9.197131542226996,8.936503149251534,8.422366876957057,6.480378267993865,4.9098059302760735,4.913244583552148,6.517139607386503,4.995165441503067,7.559390566484663,6.087880824435583,4.811276983815951,5.34343489491411,7.938715697779141,4.755768523226994,8.021054172932516,6.077288077993865,5.097812279276074,7.701292359680982,8.008377408337424,6.804957870411043,8.09428330395092,8.052195296263804,8.921175413429447,4.956121038104294,5.926221645625767,7.100253256386503,5.900594143282208,1
GSM2600317,6.969809543785276,8.055600422944785,7.452769875711657,4.893319102644171,8.778408452349694,8.322338388490799,7.659569117153374,7.329118211981595,8.058386861717791,10.743186450490796,8.475606629736196,7.0439406557607365,6.5510088996993865,10.822891345644171,7.018771370533742,8.034463562104294,8.251894059674846,7.549008433447852,6.478434120067485,6.338137595202454,8.841541353588957,7.086796622411042,7.299373098337424,9.398325719441718,8.902880512374233,8.212822642760736,5.937494220368098,6.049183315711657,6.049471247441717,6.504195712208589,5.480963061797546,7.870965694447852,6.275333502319018,5.358737510521472,5.523600848202454,7.902212387950921,5.159597906503068,8.775489941484663,5.673049896521472,5.325055871582822,7.439883268380368,8.129123021852761,6.935937534558282,8.134818492871165,8.217446077693252,8.63543010514724,5.095991272190184,5.905436647803681,6.94993051625767,5.933660807834356,1
